{
	"name": "tcp-azu0015-ae-adf-dvdp-prd02",
	"properties": {
		"globalParameters": {
			"GP_DataExchangeEnv": {
				"type": "string",
				"value": "prd"
			},
			"GP_ClusterPoolId": {
				"type": "string",
				"value": "0403-140759-atlas407-pool-Nq9Xsknr"
			},
			"GP_ClusterVersion": {
				"type": "string",
				"value": "6.4.x-scala2.11"
			},
			"GP_DataExchangeContainer": {
				"type": "string",
				"value": "dataexchange"
			},
			"GP_DataCoreSAContainer": {
				"type": "string",
				"value": "dcsa"
			},
			"GP_DataExchangeJarPath": {
				"type": "string",
				"value": "dbfs:/FileStore/jars/dna_batch_dataexchange_adls.jar"
			},
			"GP_DataExchangeCILoadSchema": {
				"type": "string",
				"value": "cij"
			},
			"GP_ChannelInsightAdlsAccount": {
				"type": "string",
				"value": "tcp0015nsdvdpprdadb"
			},
			"GP_ChannelInsightAdlsContainer": {
				"type": "string",
				"value": "dataexchange"
			}
		}
	},
	"location": "australiaeast"
}