{
	"$schema": "http://schema.management.azure.com/schemas/2015-01-01/deploymentTemplate.json#",
	"contentVersion": "1.0.0.0",
	"parameters": {
		"factoryName": {
			"type": "string",
			"metadata": "Data Factory name",
			"defaultValue": "tcp-azu0014-ae-adf-datacore-ipnd-nprod"
		},
		"LinkedService_CSA_passPhrase": {
			"type": "secureString",
			"metadata": "Secure string for 'passPhrase' of 'LinkedService_CSA'"
		},
		"LinkedService_SFX_passPhrase": {
			"type": "secureString",
			"metadata": "Secure string for 'passPhrase' of 'LinkedService_SFX'"
		},
		"LinkedService_AKV_properties_typeProperties_baseUrl": {
			"type": "string",
			"defaultValue": "https://tcpazu0014nkdatacoreipnd.vault.azure.net/"
		},
		"LinkedService_AFA_properties_typeProperties_functionAppUrl": {
			"type": "string",
			"defaultValue": "https://tcp-azu0014-ae-afa-datacore-ipnd-nprod01.azurewebsites.net/"
		},
		"LinkedService_AFA_properties_typeProperties_resourceId": {
			"type": "string"
		},
		"LinkedService_CSA_properties_typeProperties_host": {
			"type": "string",
			"defaultValue": "lxapp0206.in.telstra.com.au"
		},
		"LinkedService_CSA_properties_typeProperties_userName": {
			"type": "string",
			"defaultValue": "n105324"
		},
		"LinkedService_Databricks_properties_typeProperties_domain": {
			"type": "string"
		},
		"LinkedService_Databricks_properties_typeProperties_workspaceResourceId": {
			"type": "string"
		},
		"LinkedService_Datacore_Data_properties_typeProperties_url": {
			"type": "string",
			"defaultValue": "https://tcp0014vsdatacoreipndnpd.dfs.core.windows.net"
		},
		"LinkedService_SFX_properties_typeProperties_host": {
			"type": "string",
			"defaultValue": "10.75.71.198"
		},
		"LinkedService_SFX_properties_typeProperties_userName": {
			"type": "string",
			"defaultValue": "DATACORE_ADF_SFX_P01"
		}
	},
	"variables": {
		"factoryId": "[concat('Microsoft.DataFactory/factories/', parameters('factoryName'))]"
	},
	"resources": [
		{
			"name": "[concat(parameters('factoryName'), '/LinkedService_AKV')]",
			"type": "Microsoft.DataFactory/factories/linkedServices",
			"apiVersion": "2018-06-01",
			"properties": {
				"annotations": [],
				"type": "AzureKeyVault",
				"typeProperties": {
					"baseUrl": "[parameters('LinkedService_AKV_properties_typeProperties_baseUrl')]"
				}
			},
			"dependsOn": []
		},
		{
			"name": "[concat(parameters('factoryName'), '/datacore-adf-shir')]",
			"type": "Microsoft.DataFactory/factories/integrationRuntimes",
			"apiVersion": "2018-06-01",
			"properties": {
				"type": "SelfHosted",
				"typeProperties": {}
			},
			"dependsOn": []
		},
		{
			"name": "[concat(parameters('factoryName'), '/LinkedService_AFA')]",
			"type": "Microsoft.DataFactory/factories/linkedServices",
			"apiVersion": "2018-06-01",
			"properties": {
				"annotations": [],
				"type": "AzureFunction",
				"typeProperties": {
					"functionAppUrl": "[parameters('LinkedService_AFA_properties_typeProperties_functionAppUrl')]",
					"functionKey": {
						"type": "AzureKeyVaultSecret",
						"store": {
							"referenceName": "LinkedService_AKV",
							"type": "LinkedServiceReference"
						},
						"secretName": "datacore-afa-key"
					},
					"authentication": "MSI",
					"resourceId": "[parameters('LinkedService_AFA_properties_typeProperties_resourceId')]"
				},
				"connectVia": {
					"referenceName": "datacore-adf-shir",
					"type": "IntegrationRuntimeReference"
				}
			},
			"dependsOn": [
				"[concat(variables('factoryId'), '/integrationRuntimes/datacore-adf-shir')]",
				"[concat(variables('factoryId'), '/linkedServices/LinkedService_AKV')]"
			]
		},
		{
			"name": "[concat(parameters('factoryName'), '/LinkedService_CSA')]",
			"type": "Microsoft.DataFactory/factories/linkedServices",
			"apiVersion": "2018-06-01",
			"properties": {
				"annotations": [],
				"type": "Sftp",
				"typeProperties": {
					"host": "[parameters('LinkedService_CSA_properties_typeProperties_host')]",
					"port": 22,
					"skipHostKeyValidation": true,
					"authenticationType": "SshPublicKey",
					"userName": "[parameters('LinkedService_CSA_properties_typeProperties_userName')]",
					"privateKeyContent": {
						"type": "AzureKeyVaultSecret",
						"store": {
							"referenceName": "LinkedService_AKV",
							"type": "LinkedServiceReference"
						},
						"secretName": "datacore-csa-ingestion-adf"
					},
					"passPhrase": {
						"type": "SecureString",
						"value": "[parameters('LinkedService_CSA_passPhrase')]"
					}
				},
				"connectVia": {
					"referenceName": "datacore-adf-shir",
					"type": "IntegrationRuntimeReference"
				}
			},
			"dependsOn": [
				"[concat(variables('factoryId'), '/integrationRuntimes/datacore-adf-shir')]",
				"[concat(variables('factoryId'), '/linkedServices/LinkedService_AKV')]"
			]
		},
		{
			"name": "[concat(parameters('factoryName'), '/LinkedService_Databricks')]",
			"type": "Microsoft.DataFactory/factories/linkedServices",
			"apiVersion": "2018-06-01",
			"properties": {
				"annotations": [],
				"type": "AzureDatabricks",
				"typeProperties": {
					"domain": "[parameters('LinkedService_Databricks_properties_typeProperties_domain')]",
					"authentication": "MSI",
					"workspaceResourceId": "[parameters('LinkedService_Databricks_properties_typeProperties_workspaceResourceId')]",
					"existingClusterId": "@activity('getDBCluster').output.clusterId"
				},
				"connectVia": {
					"referenceName": "datacore-adf-shir",
					"type": "IntegrationRuntimeReference"
				}
			},
			"dependsOn": [
				"[concat(variables('factoryId'), '/integrationRuntimes/datacore-adf-shir')]"
			]
		},
		{
			"name": "[concat(parameters('factoryName'), '/LinkedService_Datacore_Data')]",
			"type": "Microsoft.DataFactory/factories/linkedServices",
			"apiVersion": "2018-06-01",
			"properties": {
				"annotations": [],
				"type": "AzureBlobFS",
				"typeProperties": {
					"url": "[parameters('LinkedService_Datacore_Data_properties_typeProperties_url')]"
				},
				"connectVia": {
					"referenceName": "datacore-adf-shir",
					"type": "IntegrationRuntimeReference"
				}
			},
			"dependsOn": [
				"[concat(variables('factoryId'), '/integrationRuntimes/datacore-adf-shir')]"
			]
		},
		{
			"name": "[concat(parameters('factoryName'), '/LinkedService_SFX')]",
			"type": "Microsoft.DataFactory/factories/linkedServices",
			"apiVersion": "2018-06-01",
			"properties": {
				"annotations": [],
				"type": "Sftp",
				"typeProperties": {
					"host": "[parameters('LinkedService_SFX_properties_typeProperties_host')]",
					"port": 22,
					"skipHostKeyValidation": true,
					"authenticationType": "SshPublicKey",
					"userName": "[parameters('LinkedService_SFX_properties_typeProperties_userName')]",
					"privateKeyContent": {
						"type": "AzureKeyVaultSecret",
						"store": {
							"referenceName": "LinkedService_AKV",
							"type": "LinkedServiceReference"
						},
						"secretName": "sfx-ingest-datacore-adf"
					},
					"passPhrase": {
						"type": "SecureString",
						"value": "[parameters('LinkedService_SFX_passPhrase')]"
					}
				},
				"connectVia": {
					"referenceName": "datacore-adf-shir",
					"type": "IntegrationRuntimeReference"
				}
			},
			"dependsOn": [
				"[concat(variables('factoryId'), '/integrationRuntimes/datacore-adf-shir')]",
				"[concat(variables('factoryId'), '/linkedServices/LinkedService_AKV')]"
			]
		},
		{
			"name": "[concat(parameters('factoryName'), '/AugmentKeymapTable')]",
			"type": "Microsoft.DataFactory/factories/pipelines",
			"apiVersion": "2018-06-01",
			"properties": {
				"activities": [
					{
						"name": "getDBCluster",
						"type": "AzureFunctionActivity",
						"dependsOn": [],
						"policy": {
							"timeout": "7.00:00:00",
							"retry": 0,
							"retryIntervalInSeconds": 30,
							"secureOutput": false,
							"secureInput": false
						},
						"userProperties": [],
						"typeProperties": {
							"functionName": "invoke_spark_jar_task",
							"method": "POST",
							"headers": {},
							"body": {
								"value": "{\"oDate\": \"@{pipeline().parameters.oDate}\", \"environment\" : \"@{pipeline().parameters.environment}\", \"jobRunId\": @{pipeline().parameters.jobRunId}, \"taskRunId\": @{pipeline().parameters.taskRunId}, \"taskName\": \"@{pipeline().parameters.taskName}\", \"mainClass\" : \"@{pipeline().parameters.mainClass}\"}",
								"type": "Expression"
							}
						},
						"linkedServiceName": {
							"referenceName": "LinkedService_AFA",
							"type": "LinkedServiceReference"
						}
					},
					{
						"name": "callAugmentKeymap",
						"type": "DatabricksSparkPython",
						"dependsOn": [
							{
								"activity": "getDBCluster",
								"dependencyConditions": [
									"Succeeded"
								]
							}
						],
						"policy": {
							"timeout": "7.00:00:00",
							"retry": 0,
							"retryIntervalInSeconds": 30,
							"secureOutput": false,
							"secureInput": false
						},
						"userProperties": [],
						"typeProperties": {
							"pythonFile": {
								"value": "@activity('getDBCluster').output.executablePath",
								"type": "Expression"
							},
							"parameters": [
								"@activity('getDBCluster').output.jobConfigPath",
								"@activity('getDBCluster').output.schemaPath",
								"@{activity('getDBCluster').output.jobName}",
								"@pipeline().parameters.oDate",
								"@pipeline().parameters.environment",
								"@{activity('getDBCluster').output.jobRunId}",
								"@{activity('getDBCluster').output.taskRunId}",
								"@pipeline().parameters.keyMapTable"
							],
							"libraries": [
								{
									"egg": "dbfs:/FileStore/patterns/@{pipeline().parameters.environment}/datacore-patterns.zip"
								}
							]
						},
						"linkedServiceName": {
							"referenceName": "LinkedService_Databricks",
							"type": "LinkedServiceReference"
						}
					}
				],
				"policy": {
					"elapsedTimeMetric": {},
					"cancelAfter": {}
				},
				"parameters": {
					"jobRunId": {
						"type": "int"
					},
					"oDate": {
						"type": "string"
					},
					"environment": {
						"type": "string"
					},
					"taskName": {
						"type": "string"
					},
					"taskRunId": {
						"type": "int"
					},
					"mainClass": {
						"type": "string"
					},
					"keyMapTable": {
						"type": "string"
					}
				},
				"folder": {
					"name": "DatacoreTaskPipelines/AugmentKeyMap"
				},
				"annotations": []
			},
			"dependsOn": [
				"[concat(variables('factoryId'), '/linkedServices/LinkedService_AFA')]",
				"[concat(variables('factoryId'), '/linkedServices/LinkedService_Databricks')]"
			]
		},
		{
			"name": "[concat(parameters('factoryName'), '/InvokeJARSparkApp')]",
			"type": "Microsoft.DataFactory/factories/pipelines",
			"apiVersion": "2018-06-01",
			"properties": {
				"activities": [
					{
						"name": "getDBCluster",
						"type": "AzureFunctionActivity",
						"dependsOn": [],
						"policy": {
							"timeout": "7.00:00:00",
							"retry": 0,
							"retryIntervalInSeconds": 30,
							"secureOutput": false,
							"secureInput": false
						},
						"userProperties": [],
						"typeProperties": {
							"functionName": "invoke_spark_jar_task",
							"method": "POST",
							"headers": {},
							"body": {
								"value": "{\"oDate\": \"@{pipeline().parameters.oDate}\", \"environment\" : \"@{pipeline().parameters.environment}\", \"jobRunId\": @{pipeline().parameters.jobRunId}, \"taskRunId\": @{pipeline().parameters.taskRunId}, \"taskName\": \"@{pipeline().parameters.taskName}\", \"mainClass\" : \"@{pipeline().parameters.mainClass}\"}",
								"type": "Expression"
							}
						},
						"linkedServiceName": {
							"referenceName": "LinkedService_AFA",
							"type": "LinkedServiceReference"
						}
					},
					{
						"name": "runJAR",
						"type": "DatabricksSparkJar",
						"dependsOn": [
							{
								"activity": "getDBCluster",
								"dependencyConditions": [
									"Succeeded"
								]
							}
						],
						"policy": {
							"timeout": "7.00:00:00",
							"retry": 0,
							"retryIntervalInSeconds": 30,
							"secureOutput": false,
							"secureInput": false
						},
						"userProperties": [],
						"typeProperties": {
							"mainClassName": {
								"value": "@{pipeline().parameters.mainClass}",
								"type": "Expression"
							},
							"parameters": [
								"@activity('getDBCluster').output.jobConfigPath",
								"@{activity('getDBCluster').output.schemaPath}",
								"@{activity('getDBCluster').output.jobName}",
								"@pipeline().parameters.oDate",
								"@pipeline().parameters.environment",
								"@{activity('getDBCluster').output.jobRunId}",
								"@{activity('getDBCluster').output.taskRunId}"
							],
							"libraries": [
								{
									"jar": "@activity('getDBCluster').output.executablePath"
								}
							]
						},
						"linkedServiceName": {
							"referenceName": "LinkedService_Databricks",
							"type": "LinkedServiceReference"
						}
					}
				],
				"policy": {
					"elapsedTimeMetric": {},
					"cancelAfter": {}
				},
				"parameters": {
					"jobRunId": {
						"type": "int",
						"defaultValue": 386
					},
					"oDate": {
						"type": "string",
						"defaultValue": "20210907"
					},
					"environment": {
						"type": "string",
						"defaultValue": "E01"
					},
					"taskName": {
						"type": "string",
						"defaultValue": "ConformInterface"
					},
					"taskRunId": {
						"type": "int",
						"defaultValue": 627
					},
					"mainClass": {
						"type": "string",
						"defaultValue": "ConformInterface"
					}
				},
				"folder": {
					"name": "DatacoreTaskPipelines/Common"
				},
				"annotations": [],
				"lastPublishTime": "2021-10-01T01:08:01Z"
			},
			"dependsOn": [
				"[concat(variables('factoryId'), '/linkedServices/LinkedService_AFA')]",
				"[concat(variables('factoryId'), '/linkedServices/LinkedService_Databricks')]"
			]
		},
		{
			"name": "[concat(parameters('factoryName'), '/InvokePYSparkApp')]",
			"type": "Microsoft.DataFactory/factories/pipelines",
			"apiVersion": "2018-06-01",
			"properties": {
				"activities": [
					{
						"name": "getDBCluster",
						"type": "AzureFunctionActivity",
						"dependsOn": [],
						"policy": {
							"timeout": "7.00:00:00",
							"retry": 0,
							"retryIntervalInSeconds": 30,
							"secureOutput": false,
							"secureInput": false
						},
						"userProperties": [],
						"typeProperties": {
							"functionName": "invoke_spark_jar_task",
							"method": "POST",
							"headers": {},
							"body": {
								"value": "{\"oDate\": \"@{pipeline().parameters.oDate}\", \"environment\" : \"@{pipeline().parameters.environment}\", \"jobRunId\": @{pipeline().parameters.jobRunId}, \"taskRunId\": @{pipeline().parameters.taskRunId}, \"taskName\": \"@{pipeline().parameters.taskName}\", \"mainClass\" : \"@{pipeline().parameters.mainClass}\"}",
								"type": "Expression"
							}
						},
						"linkedServiceName": {
							"referenceName": "LinkedService_AFA",
							"type": "LinkedServiceReference"
						}
					},
					{
						"name": "runPY",
						"type": "DatabricksSparkPython",
						"dependsOn": [
							{
								"activity": "getDBCluster",
								"dependencyConditions": [
									"Succeeded"
								]
							}
						],
						"policy": {
							"timeout": "7.00:00:00",
							"retry": 0,
							"retryIntervalInSeconds": 30,
							"secureOutput": false,
							"secureInput": false
						},
						"userProperties": [],
						"typeProperties": {
							"pythonFile": {
								"value": "@activity('getDBCluster').output.executablePath",
								"type": "Expression"
							},
							"parameters": [
								"@activity('getDBCluster').output.jobConfigPath",
								"@activity('getDBCluster').output.schemaPath",
								"@{activity('getDBCluster').output.jobName}",
								"@pipeline().parameters.oDate",
								"@pipeline().parameters.environment",
								"@{activity('getDBCluster').output.jobRunId}",
								"@{activity('getDBCluster').output.taskRunId}"
							],
							"libraries": [
								{
									"egg": "dbfs:/FileStore/patterns/@{pipeline().parameters.environment}/datacore-patterns.zip"
								}
							]
						},
						"linkedServiceName": {
							"referenceName": "LinkedService_Databricks",
							"type": "LinkedServiceReference"
						}
					}
				],
				"policy": {
					"elapsedTimeMetric": {},
					"cancelAfter": {}
				},
				"parameters": {
					"jobRunId": {
						"type": "int",
						"defaultValue": 485
					},
					"oDate": {
						"type": "string",
						"defaultValue": "20211128"
					},
					"environment": {
						"type": "string",
						"defaultValue": "E01"
					},
					"taskName": {
						"type": "string",
						"defaultValue": "ChangeDataCapture"
					},
					"taskRunId": {
						"type": "int",
						"defaultValue": 100
					},
					"mainClass": {
						"type": "string",
						"defaultValue": "ChangeDataCapture"
					}
				},
				"folder": {
					"name": "DatacoreTaskPipelines/Common"
				},
				"annotations": [],
				"lastPublishTime": "2021-10-01T01:08:01Z"
			},
			"dependsOn": [
				"[concat(variables('factoryId'), '/linkedServices/LinkedService_AFA')]",
				"[concat(variables('factoryId'), '/linkedServices/LinkedService_Databricks')]"
			]
		},
		{
			"name": "[concat(parameters('factoryName'), '/getLock')]",
			"type": "Microsoft.DataFactory/factories/pipelines",
			"apiVersion": "2018-06-01",
			"properties": {
				"activities": [
					{
						"name": "UntilLockAcquired",
						"type": "Until",
						"dependsOn": [],
						"userProperties": [],
						"typeProperties": {
							"expression": {
								"value": "@variables('LockAcquired')",
								"type": "Expression"
							},
							"activities": [
								{
									"name": "getLock",
									"type": "AzureFunctionActivity",
									"dependsOn": [],
									"policy": {
										"timeout": "7.00:00:00",
										"retry": 0,
										"retryIntervalInSeconds": 30,
										"secureOutput": false,
										"secureInput": false
									},
									"userProperties": [],
									"typeProperties": {
										"functionName": "get_lock",
										"method": "POST",
										"headers": {},
										"body": {
											"value": "{\n\"jobRunId\": @{pipeline().parameters.jobRunId},\n\"taskRunId\": @{pipeline().parameters.taskRunId},\n\"environmentName\": \"@{pipeline().parameters.environment}\",\n\"keymapTable\": \"@{pipeline().parameters.keymapTable}\"\n}",
											"type": "Expression"
										}
									},
									"linkedServiceName": {
										"referenceName": "LinkedService_AFA",
										"type": "LinkedServiceReference"
									}
								},
								{
									"name": "IsLockAcquired",
									"type": "IfCondition",
									"dependsOn": [
										{
											"activity": "getLock",
											"dependencyConditions": [
												"Succeeded"
											]
										}
									],
									"userProperties": [],
									"typeProperties": {
										"expression": {
											"value": "@equals(activity('getLock').output.lock_acquired, 'true')",
											"type": "Expression"
										},
										"ifFalseActivities": [
											{
												"name": "WaitForMinute",
												"type": "Wait",
												"dependsOn": [],
												"userProperties": [],
												"typeProperties": {
													"waitTimeInSeconds": 60
												}
											}
										],
										"ifTrueActivities": [
											{
												"name": "LockAcquired",
												"type": "SetVariable",
												"dependsOn": [],
												"userProperties": [],
												"typeProperties": {
													"variableName": "LockAcquired",
													"value": true
												}
											}
										]
									}
								}
							],
							"timeout": "7.00:00:00"
						}
					}
				],
				"policy": {
					"elapsedTimeMetric": {},
					"cancelAfter": {}
				},
				"parameters": {
					"jobRunId": {
						"type": "int"
					},
					"taskRunId": {
						"type": "int"
					},
					"environment": {
						"type": "string"
					},
					"keymapTable": {
						"type": "string"
					}
				},
				"variables": {
					"LockAcquired": {
						"type": "Boolean",
						"defaultValue": false
					}
				},
				"folder": {
					"name": "DatacoreTaskPipelines/AugmentKeyMap"
				},
				"annotations": []
			},
			"dependsOn": [
				"[concat(variables('factoryId'), '/linkedServices/LinkedService_AFA')]"
			]
		},
		{
			"name": "[concat(parameters('factoryName'), '/releaseLock')]",
			"type": "Microsoft.DataFactory/factories/pipelines",
			"apiVersion": "2018-06-01",
			"properties": {
				"activities": [
					{
						"name": "UntilLockReleased",
						"type": "Until",
						"dependsOn": [],
						"userProperties": [],
						"typeProperties": {
							"expression": {
								"value": "@variables('LockReleased')",
								"type": "Expression"
							},
							"activities": [
								{
									"name": "releaseLock",
									"type": "AzureFunctionActivity",
									"dependsOn": [],
									"policy": {
										"timeout": "7.00:00:00",
										"retry": 0,
										"retryIntervalInSeconds": 30,
										"secureOutput": false,
										"secureInput": false
									},
									"userProperties": [],
									"typeProperties": {
										"functionName": "release_lock",
										"method": "POST",
										"headers": {},
										"body": {
											"value": "{\n\"jobRunId\": @{pipeline().parameters.jobRunId},\n\"taskRunId\": @{pipeline().parameters.taskRunId},\n\"environmentName\": \"@{pipeline().parameters.environment}\",\n\"keymapTable\": \"@{pipeline().parameters.keymapTable}\"\n}",
											"type": "Expression"
										}
									},
									"linkedServiceName": {
										"referenceName": "LinkedService_AFA",
										"type": "LinkedServiceReference"
									}
								},
								{
									"name": "IsLockReleased",
									"type": "IfCondition",
									"dependsOn": [
										{
											"activity": "releaseLock",
											"dependencyConditions": [
												"Succeeded"
											]
										}
									],
									"userProperties": [],
									"typeProperties": {
										"expression": {
											"value": "@equals(activity('releaseLock').output.lock_released, 'true')",
											"type": "Expression"
										},
										"ifFalseActivities": [
											{
												"name": "WaitForMinute",
												"type": "Wait",
												"dependsOn": [],
												"userProperties": [],
												"typeProperties": {
													"waitTimeInSeconds": 60
												}
											}
										],
										"ifTrueActivities": [
											{
												"name": "LockReleased",
												"type": "SetVariable",
												"dependsOn": [],
												"userProperties": [],
												"typeProperties": {
													"variableName": "LockReleased",
													"value": true
												}
											}
										]
									}
								}
							],
							"timeout": "7.00:00:00"
						}
					}
				],
				"policy": {
					"elapsedTimeMetric": {},
					"cancelAfter": {}
				},
				"parameters": {
					"jobRunId": {
						"type": "int"
					},
					"taskRunId": {
						"type": "int"
					},
					"environment": {
						"type": "string"
					},
					"keymapTable": {
						"type": "string"
					}
				},
				"variables": {
					"LockReleased": {
						"type": "Boolean"
					}
				},
				"folder": {
					"name": "DatacoreTaskPipelines/AugmentKeyMap"
				},
				"annotations": []
			},
			"dependsOn": [
				"[concat(variables('factoryId'), '/linkedServices/LinkedService_AFA')]"
			]
		},
		{
			"name": "[concat(parameters('factoryName'), '/CSADataSetInbound')]",
			"type": "Microsoft.DataFactory/factories/datasets",
			"apiVersion": "2018-06-01",
			"properties": {
				"linkedServiceName": {
					"referenceName": "LinkedService_CSA",
					"type": "LinkedServiceReference"
				},
				"parameters": {
					"sourcePath": {
						"type": "string"
					}
				},
				"annotations": [],
				"type": "Binary",
				"typeProperties": {
					"location": {
						"type": "SftpLocation",
						"folderPath": {
							"value": "@dataset().sourcePath",
							"type": "Expression"
						}
					}
				}
			},
			"dependsOn": [
				"[concat(variables('factoryId'), '/linkedServices/LinkedService_CSA')]"
			]
		},
		{
			"name": "[concat(parameters('factoryName'), '/CSADataSetOutbound')]",
			"type": "Microsoft.DataFactory/factories/datasets",
			"apiVersion": "2018-06-01",
			"properties": {
				"linkedServiceName": {
					"referenceName": "LinkedService_CSA",
					"type": "LinkedServiceReference"
				},
				"parameters": {
					"destinationPath": {
						"type": "string"
					}
				},
				"annotations": [],
				"type": "Binary",
				"typeProperties": {
					"location": {
						"type": "SftpLocation",
						"folderPath": "/@dataset().destinationPath"
					}
				}
			},
			"dependsOn": [
				"[concat(variables('factoryId'), '/linkedServices/LinkedService_CSA')]"
			]
		},
		{
			"name": "[concat(parameters('factoryName'), '/SFXDataSetInbound')]",
			"type": "Microsoft.DataFactory/factories/datasets",
			"apiVersion": "2018-06-01",
			"properties": {
				"linkedServiceName": {
					"referenceName": "LinkedService_SFX",
					"type": "LinkedServiceReference"
				},
				"parameters": {
					"sourcePath": {
						"type": "string"
					}
				},
				"annotations": [],
				"type": "Binary",
				"typeProperties": {
					"location": {
						"type": "SftpLocation",
						"folderPath": {
							"value": "@dataset().sourcePath",
							"type": "Expression"
						}
					}
				}
			},
			"dependsOn": [
				"[concat(variables('factoryId'), '/linkedServices/LinkedService_SFX')]"
			]
		},
		{
			"name": "[concat(parameters('factoryName'), '/SourceDataSet')]",
			"type": "Microsoft.DataFactory/factories/datasets",
			"apiVersion": "2018-06-01",
			"properties": {
				"linkedServiceName": {
					"referenceName": "LinkedService_Datacore_Data",
					"type": "LinkedServiceReference"
				},
				"parameters": {
					"Container": {
						"type": "string"
					},
					"Path": {
						"type": "string"
					}
				},
				"annotations": [],
				"type": "Binary",
				"typeProperties": {
					"location": {
						"type": "AzureBlobFSLocation",
						"folderPath": {
							"value": "@dataset().Path",
							"type": "Expression"
						},
						"fileSystem": {
							"value": "@dataset().Container",
							"type": "Expression"
						}
					}
				}
			},
			"dependsOn": [
				"[concat(variables('factoryId'), '/linkedServices/LinkedService_Datacore_Data')]"
			]
		},
		{
			"name": "[concat(parameters('factoryName'), '/TargetDataSet')]",
			"type": "Microsoft.DataFactory/factories/datasets",
			"apiVersion": "2018-06-01",
			"properties": {
				"linkedServiceName": {
					"referenceName": "LinkedService_Datacore_Data",
					"type": "LinkedServiceReference"
				},
				"parameters": {
					"Container": {
						"type": "string"
					},
					"Path": {
						"type": "string"
					}
				},
				"annotations": [],
				"type": "Binary",
				"typeProperties": {
					"location": {
						"type": "AzureBlobFSLocation",
						"folderPath": {
							"value": "@dataset().Path",
							"type": "Expression"
						},
						"fileSystem": {
							"value": "@dataset().Container",
							"type": "Expression"
						}
					}
				}
			},
			"dependsOn": [
				"[concat(variables('factoryId'), '/linkedServices/LinkedService_Datacore_Data')]"
			]
		},
		{
			"name": "[concat(parameters('factoryName'), '/AugmentKeyMap')]",
			"type": "Microsoft.DataFactory/factories/pipelines",
			"apiVersion": "2018-06-01",
			"properties": {
				"activities": [
					{
						"name": "readKeys",
						"type": "AzureFunctionActivity",
						"dependsOn": [],
						"policy": {
							"timeout": "7.00:00:00",
							"retry": 0,
							"retryIntervalInSeconds": 30,
							"secureOutput": false,
							"secureInput": false
						},
						"userProperties": [],
						"typeProperties": {
							"functionName": "read_schema",
							"method": "POST",
							"headers": {},
							"body": {
								"value": "{\n\"jobRunId\": @{pipeline().parameters.jobRunId},\n\"taskRunId\": @{pipeline().parameters.taskRunId},\n\"environmentName\": \"@{pipeline().parameters.environment}\"\n}",
								"type": "Expression"
							}
						},
						"linkedServiceName": {
							"referenceName": "LinkedService_AFA",
							"type": "LinkedServiceReference"
						}
					},
					{
						"name": "ForEachIntegrationKey",
						"type": "ForEach",
						"dependsOn": [
							{
								"activity": "readKeys",
								"dependencyConditions": [
									"Succeeded"
								]
							}
						],
						"userProperties": [],
						"typeProperties": {
							"items": {
								"value": "@activity('readKeys').output.integrationKeys",
								"type": "Expression"
							},
							"isSequential": true,
							"activities": [
								{
									"name": "getIKLock",
									"type": "ExecutePipeline",
									"dependsOn": [],
									"userProperties": [],
									"typeProperties": {
										"pipeline": {
											"referenceName": "getLock",
											"type": "PipelineReference"
										},
										"waitOnCompletion": true,
										"parameters": {
											"jobRunId": {
												"value": "@pipeline().parameters.jobRunId",
												"type": "Expression"
											},
											"taskRunId": {
												"value": "@pipeline().parameters.taskRunId",
												"type": "Expression"
											},
											"environment": {
												"value": "@pipeline().parameters.environment",
												"type": "Expression"
											},
											"keymapTable": {
												"value": "@item().tbl_Keymap",
												"type": "Expression"
											}
										}
									}
								},
								{
									"name": "callIKAugmentKeymapTable",
									"type": "ExecutePipeline",
									"dependsOn": [
										{
											"activity": "getIKLock",
											"dependencyConditions": [
												"Succeeded"
											]
										}
									],
									"userProperties": [],
									"typeProperties": {
										"pipeline": {
											"referenceName": "AugmentKeymapTable",
											"type": "PipelineReference"
										},
										"waitOnCompletion": true,
										"parameters": {
											"jobRunId": {
												"value": "@pipeline().parameters.jobRunId",
												"type": "Expression"
											},
											"oDate": {
												"value": "@pipeline().parameters.oDate",
												"type": "Expression"
											},
											"environment": {
												"value": "@pipeline().parameters.environment",
												"type": "Expression"
											},
											"taskName": {
												"value": "@pipeline().parameters.taskName",
												"type": "Expression"
											},
											"taskRunId": {
												"value": "@pipeline().parameters.taskRunId",
												"type": "Expression"
											},
											"mainClass": {
												"value": "@pipeline().parameters.mainClass",
												"type": "Expression"
											},
											"keyMapTable": {
												"value": "@item().tbl_Keymap",
												"type": "Expression"
											}
										}
									}
								},
								{
									"name": "releaseIKLock",
									"type": "ExecutePipeline",
									"dependsOn": [
										{
											"activity": "callIKAugmentKeymapTable",
											"dependencyConditions": [
												"Succeeded"
											]
										}
									],
									"userProperties": [],
									"typeProperties": {
										"pipeline": {
											"referenceName": "releaseLock",
											"type": "PipelineReference"
										},
										"waitOnCompletion": true,
										"parameters": {
											"jobRunId": {
												"value": "@pipeline().parameters.jobRunId",
												"type": "Expression"
											},
											"taskRunId": {
												"value": "@pipeline().parameters.taskRunId",
												"type": "Expression"
											},
											"environment": {
												"value": "@pipeline().parameters.environment",
												"type": "Expression"
											},
											"keymapTable": {
												"value": "@item().tbl_Keymap",
												"type": "Expression"
											}
										}
									}
								}
							]
						}
					},
					{
						"name": "ForEachLightKey",
						"type": "ForEach",
						"dependsOn": [
							{
								"activity": "ForEachIntegrationKey",
								"dependencyConditions": [
									"Succeeded"
								]
							}
						],
						"userProperties": [],
						"typeProperties": {
							"items": {
								"value": "@activity('readKeys').output.lightKeys",
								"type": "Expression"
							},
							"isSequential": true,
							"activities": [
								{
									"name": "getLKLock",
									"type": "ExecutePipeline",
									"dependsOn": [],
									"userProperties": [],
									"typeProperties": {
										"pipeline": {
											"referenceName": "getLock",
											"type": "PipelineReference"
										},
										"waitOnCompletion": true,
										"parameters": {
											"jobRunId": {
												"value": "@pipeline().parameters.jobRunId",
												"type": "Expression"
											},
											"taskRunId": {
												"value": "@pipeline().parameters.taskRunId",
												"type": "Expression"
											},
											"environment": {
												"value": "@pipeline().parameters.environment",
												"type": "Expression"
											},
											"keymapTable": {
												"value": "@item().tbl_LightKeyMap",
												"type": "Expression"
											}
										}
									}
								},
								{
									"name": "callLKAugmentKeymapTable",
									"type": "ExecutePipeline",
									"dependsOn": [
										{
											"activity": "getLKLock",
											"dependencyConditions": [
												"Succeeded"
											]
										}
									],
									"userProperties": [],
									"typeProperties": {
										"pipeline": {
											"referenceName": "AugmentKeymapTable",
											"type": "PipelineReference"
										},
										"waitOnCompletion": true,
										"parameters": {
											"jobRunId": {
												"value": "@pipeline().parameters.jobRunId",
												"type": "Expression"
											},
											"oDate": {
												"value": "@pipeline().parameters.oDate",
												"type": "Expression"
											},
											"environment": {
												"value": "@pipeline().parameters.environment",
												"type": "Expression"
											},
											"taskName": {
												"value": "@pipeline().parameters.taskName",
												"type": "Expression"
											},
											"taskRunId": {
												"value": "@pipeline().parameters.taskRunId",
												"type": "Expression"
											},
											"mainClass": {
												"value": "@pipeline().parameters.mainClass",
												"type": "Expression"
											},
											"keyMapTable": {
												"value": "@item().tbl_LightKeyMap",
												"type": "Expression"
											}
										}
									}
								},
								{
									"name": "releaseLKLock",
									"type": "ExecutePipeline",
									"dependsOn": [
										{
											"activity": "callLKAugmentKeymapTable",
											"dependencyConditions": [
												"Succeeded"
											]
										}
									],
									"userProperties": [],
									"typeProperties": {
										"pipeline": {
											"referenceName": "releaseLock",
											"type": "PipelineReference"
										},
										"waitOnCompletion": true,
										"parameters": {
											"jobRunId": {
												"value": "@pipeline().parameters.jobRunId",
												"type": "Expression"
											},
											"taskRunId": {
												"value": "@pipeline().parameters.taskRunId",
												"type": "Expression"
											},
											"environment": {
												"value": "@pipeline().parameters.environment",
												"type": "Expression"
											},
											"keymapTable": {
												"value": "@item().tbl_LightKeyMap",
												"type": "Expression"
											}
										}
									}
								}
							]
						}
					}
				],
				"policy": {
					"elapsedTimeMetric": {},
					"cancelAfter": {}
				},
				"parameters": {
					"jobRunId": {
						"type": "int",
						"defaultValue": 387
					},
					"taskRunId": {
						"type": "int",
						"defaultValue": 592
					},
					"environment": {
						"type": "string",
						"defaultValue": "E01"
					},
					"oDate": {
						"type": "string",
						"defaultValue": "20210907"
					},
					"taskName": {
						"type": "string",
						"defaultValue": "AugmentKeyMap"
					},
					"mainClass": {
						"type": "string",
						"defaultValue": "AugmentKeyMap"
					}
				},
				"folder": {
					"name": "DatacoreTaskPipelines/AugmentKeyMap"
				},
				"annotations": []
			},
			"dependsOn": [
				"[concat(variables('factoryId'), '/linkedServices/LinkedService_AFA')]",
				"[concat(variables('factoryId'), '/pipelines/getLock')]",
				"[concat(variables('factoryId'), '/pipelines/AugmentKeymapTable')]",
				"[concat(variables('factoryId'), '/pipelines/releaseLock')]"
			]
		},
		{
			"name": "[concat(parameters('factoryName'), '/ChangeDataCapture')]",
			"type": "Microsoft.DataFactory/factories/pipelines",
			"apiVersion": "2018-06-01",
			"properties": {
				"activities": [
					{
						"name": "SetTaskPipelineRunId",
						"type": "SetVariable",
						"dependsOn": [],
						"userProperties": [],
						"typeProperties": {
							"variableName": "TaskRunUuid",
							"value": {
								"value": "@pipeline().RunId",
								"type": "Expression"
							}
						}
					},
					{
						"name": "UpdateTaskStatusToRunning",
						"type": "AzureFunctionActivity",
						"dependsOn": [
							{
								"activity": "SetTaskPipelineRunId",
								"dependencyConditions": [
									"Succeeded"
								]
							}
						],
						"policy": {
							"timeout": "7.00:00:00",
							"retry": 0,
							"retryIntervalInSeconds": 30,
							"secureOutput": false,
							"secureInput": false
						},
						"userProperties": [],
						"typeProperties": {
							"functionName": "update_task_status",
							"method": "POST",
							"headers": {},
							"body": {
								"value": "{\n    \"status\": \"running\",\n    \"taskRunId\": @{pipeline().parameters.taskRunId},\n    \"taskRunUuid\": \"@{variables('TaskRunUuid')}\"\n}",
								"type": "Expression"
							}
						},
						"linkedServiceName": {
							"referenceName": "LinkedService_AFA",
							"type": "LinkedServiceReference"
						}
					},
					{
						"name": "ExecuteChangeDataCapture",
						"type": "ExecutePipeline",
						"dependsOn": [
							{
								"activity": "UpdateTaskStatusToRunning",
								"dependencyConditions": [
									"Succeeded"
								]
							}
						],
						"userProperties": [],
						"typeProperties": {
							"pipeline": {
								"referenceName": "InvokePYSparkApp",
								"type": "PipelineReference"
							},
							"waitOnCompletion": true,
							"parameters": {
								"jobRunId": {
									"value": "@pipeline().parameters.jobRunId",
									"type": "Expression"
								},
								"oDate": {
									"value": "@pipeline().parameters.oDate",
									"type": "Expression"
								},
								"environment": {
									"value": "@pipeline().parameters.environment",
									"type": "Expression"
								},
								"taskName": {
									"value": "@pipeline().parameters.taskName",
									"type": "Expression"
								},
								"taskRunId": {
									"value": "@pipeline().parameters.taskRunId",
									"type": "Expression"
								},
								"mainClass": {
									"value": "@pipeline().parameters.mainClass",
									"type": "Expression"
								}
							}
						}
					}
				],
				"policy": {
					"elapsedTimeMetric": {},
					"cancelAfter": {}
				},
				"parameters": {
					"jobRunId": {
						"type": "int"
					},
					"oDate": {
						"type": "string"
					},
					"environment": {
						"type": "string"
					},
					"taskName": {
						"type": "string"
					},
					"taskRunId": {
						"type": "int"
					},
					"mainClass": {
						"type": "string"
					}
				},
				"variables": {
					"TaskRunUuid": {
						"type": "String"
					}
				},
				"folder": {
					"name": "DatacoreTaskPipelines"
				},
				"annotations": [],
				"lastPublishTime": "2021-09-30T03:46:45Z"
			},
			"dependsOn": [
				"[concat(variables('factoryId'), '/linkedServices/LinkedService_AFA')]",
				"[concat(variables('factoryId'), '/pipelines/InvokePYSparkApp')]"
			]
		},
		{
			"name": "[concat(parameters('factoryName'), '/ConformInterface')]",
			"type": "Microsoft.DataFactory/factories/pipelines",
			"apiVersion": "2018-06-01",
			"properties": {
				"activities": [
					{
						"name": "SetTaskPipelineRunId",
						"type": "SetVariable",
						"dependsOn": [],
						"userProperties": [],
						"typeProperties": {
							"variableName": "TaskRunUuid",
							"value": {
								"value": "@pipeline().RunId",
								"type": "Expression"
							}
						}
					},
					{
						"name": "UpdateTaskStatusToRunning",
						"type": "AzureFunctionActivity",
						"dependsOn": [
							{
								"activity": "SetTaskPipelineRunId",
								"dependencyConditions": [
									"Succeeded"
								]
							}
						],
						"policy": {
							"timeout": "7.00:00:00",
							"retry": 0,
							"retryIntervalInSeconds": 30,
							"secureOutput": false,
							"secureInput": false
						},
						"userProperties": [],
						"typeProperties": {
							"functionName": "update_task_status",
							"method": "POST",
							"headers": {},
							"body": {
								"value": "{\n    \"status\": \"running\",\n    \"taskRunId\": @{pipeline().parameters.taskRunId},\n    \"taskRunUuid\": \"@{variables('TaskRunUuid')}\"\n}",
								"type": "Expression"
							}
						},
						"linkedServiceName": {
							"referenceName": "LinkedService_AFA",
							"type": "LinkedServiceReference"
						}
					},
					{
						"name": "ExecuteCISparkApp",
						"type": "ExecutePipeline",
						"dependsOn": [
							{
								"activity": "UpdateTaskStatusToRunning",
								"dependencyConditions": [
									"Succeeded"
								]
							}
						],
						"userProperties": [],
						"typeProperties": {
							"pipeline": {
								"referenceName": "InvokeJARSparkApp",
								"type": "PipelineReference"
							},
							"waitOnCompletion": true,
							"parameters": {
								"jobRunId": {
									"value": "@pipeline().parameters.jobRunId",
									"type": "Expression"
								},
								"oDate": {
									"value": "@pipeline().parameters.oDate",
									"type": "Expression"
								},
								"environment": {
									"value": "@pipeline().parameters.environment",
									"type": "Expression"
								},
								"taskName": {
									"value": "@pipeline().parameters.taskName",
									"type": "Expression"
								},
								"taskRunId": {
									"value": "@pipeline().parameters.taskRunId",
									"type": "Expression"
								},
								"mainClass": {
									"value": "@pipeline().parameters.mainClass",
									"type": "Expression"
								}
							}
						}
					}
				],
				"policy": {
					"elapsedTimeMetric": {},
					"cancelAfter": {}
				},
				"parameters": {
					"jobRunId": {
						"type": "int"
					},
					"oDate": {
						"type": "string"
					},
					"environment": {
						"type": "string"
					},
					"taskName": {
						"type": "string"
					},
					"taskRunId": {
						"type": "int"
					},
					"mainClass": {
						"type": "string"
					}
				},
				"variables": {
					"TaskRunUuid": {
						"type": "String"
					}
				},
				"folder": {
					"name": "DatacoreTaskPipelines"
				},
				"annotations": [],
				"lastPublishTime": "2021-09-30T03:46:42Z"
			},
			"dependsOn": [
				"[concat(variables('factoryId'), '/linkedServices/LinkedService_AFA')]",
				"[concat(variables('factoryId'), '/pipelines/InvokeJARSparkApp')]"
			]
		}
	]
}