{
	"$schema": "http://schema.management.azure.com/schemas/2015-01-01/deploymentTemplate.json#",
	"contentVersion": "1.0.0.0",
	"parameters": {
		"factoryName": {
			"type": "string",
			"metadata": "Data Factory name",
			"defaultValue": "tcp-azu0014-ae-adf-datacore-ipnd-nprod"
		},
		"LinkedService_CSA_passPhrase": {
			"type": "secureString",
			"metadata": "Secure string for 'passPhrase' of 'LinkedService_CSA'"
		},
		"LinkedService_SFX_passPhrase": {
			"type": "secureString",
			"metadata": "Secure string for 'passPhrase' of 'LinkedService_SFX'"
		},
		"LinkedService_AFA_properties_typeProperties_functionAppUrl": {
			"type": "string",
			"defaultValue": "https://tcp-azu0014-ae-afa-datacore-ipnd-nprod01.azurewebsites.net/"
		},
		"LinkedService_AFA_properties_typeProperties_resourceId": {
			"type": "string"
		},
		"LinkedService_AKV_properties_typeProperties_baseUrl": {
			"type": "string",
			"defaultValue": "https://tcpazu0014nkdatacoreipnd.vault.azure.net/"
		},
		"LinkedService_CSA_properties_typeProperties_host": {
			"type": "string",
			"defaultValue": "lxapp0206.in.telstra.com.au"
		},
		"LinkedService_CSA_properties_typeProperties_userName": {
			"type": "string",
			"defaultValue": "n105324"
		},
		"LinkedService_Databricks_properties_typeProperties_domain": {
			"type": "string"
		},
		"LinkedService_Databricks_properties_typeProperties_workspaceResourceId": {
			"type": "string"
		},
		"LinkedService_Datacore_Data_properties_typeProperties_url": {
			"type": "string",
			"defaultValue": "https://tcp0014vsdatacoreipndnpd.dfs.core.windows.net"
		},
		"LinkedService_SFX_properties_typeProperties_host": {
			"type": "string",
			"defaultValue": "10.75.71.198"
		},
		"LinkedService_SFX_properties_typeProperties_userName": {
			"type": "string",
			"defaultValue": "DATACORE_ADF_SFX_P01"
		},
		"containerUri": {
			"type": "string",
			"metadata": "URI to storage account containing linked ARM templates"
		},
		"containerSasToken": {
			"type": "string",
			"metadata": "Sas token to storage account containing linked ARM templates"
		}
	},
	"variables": {
		"factoryId": "[concat('Microsoft.DataFactory/factories/', parameters('factoryName'))]"
	},
	"resources": [
		{
			"name": "tcp-azu0014-ae-adf-datacore-ipnd-nprod_ArmTemplate_0",
			"type": "Microsoft.Resources/deployments",
			"apiVersion": "2018-02-01",
			"properties": {
				"mode": "incremental",
				"templateLink": {
					"uri": "[concat(parameters('containerUri'), '/ArmTemplate_0.json', parameters('containerSasToken'))]",
					"contentVersion": "1.0.0.0"
				},
				"parameters": {
					"factoryName": {
						"value": "[parameters('factoryName')]"
					},
					"LinkedService_CSA_passPhrase": {
						"value": "[parameters('LinkedService_CSA_passPhrase')]"
					},
					"LinkedService_SFX_passPhrase": {
						"value": "[parameters('LinkedService_SFX_passPhrase')]"
					},
					"LinkedService_AKV_properties_typeProperties_baseUrl": {
						"value": "[parameters('LinkedService_AKV_properties_typeProperties_baseUrl')]"
					},
					"LinkedService_AFA_properties_typeProperties_functionAppUrl": {
						"value": "[parameters('LinkedService_AFA_properties_typeProperties_functionAppUrl')]"
					},
					"LinkedService_AFA_properties_typeProperties_resourceId": {
						"value": "[parameters('LinkedService_AFA_properties_typeProperties_resourceId')]"
					},
					"LinkedService_CSA_properties_typeProperties_host": {
						"value": "[parameters('LinkedService_CSA_properties_typeProperties_host')]"
					},
					"LinkedService_CSA_properties_typeProperties_userName": {
						"value": "[parameters('LinkedService_CSA_properties_typeProperties_userName')]"
					},
					"LinkedService_Databricks_properties_typeProperties_domain": {
						"value": "[parameters('LinkedService_Databricks_properties_typeProperties_domain')]"
					},
					"LinkedService_Databricks_properties_typeProperties_workspaceResourceId": {
						"value": "[parameters('LinkedService_Databricks_properties_typeProperties_workspaceResourceId')]"
					},
					"LinkedService_Datacore_Data_properties_typeProperties_url": {
						"value": "[parameters('LinkedService_Datacore_Data_properties_typeProperties_url')]"
					},
					"LinkedService_SFX_properties_typeProperties_host": {
						"value": "[parameters('LinkedService_SFX_properties_typeProperties_host')]"
					},
					"LinkedService_SFX_properties_typeProperties_userName": {
						"value": "[parameters('LinkedService_SFX_properties_typeProperties_userName')]"
					}
				}
			},
			"dependsOn": []
		},
		{
			"name": "tcp-azu0014-ae-adf-datacore-ipnd-nprod_ArmTemplate_1",
			"type": "Microsoft.Resources/deployments",
			"apiVersion": "2018-02-01",
			"properties": {
				"mode": "incremental",
				"templateLink": {
					"uri": "[concat(parameters('containerUri'), '/ArmTemplate_1.json', parameters('containerSasToken'))]",
					"contentVersion": "1.0.0.0"
				},
				"parameters": {
					"factoryName": {
						"value": "[parameters('factoryName')]"
					}
				}
			},
			"dependsOn": [
				"[resourceId('Microsoft.Resources/deployments', 'tcp-azu0014-ae-adf-datacore-ipnd-nprod_ArmTemplate_0')]"
			]
		}
	]
}