<?xml version="1.0" encoding="UTF-8"?>
<project xmlns="http://maven.apache.org/POM/4.0.0" xmlns:xsi="http://www.w3.org/2001/XMLSchema-instance" xsi:schemaLocation="http://maven.apache.org/POM/4.0.0 http://maven.apache.org/maven-v4_0_0.xsd">
  <modelVersion>4.0.0</modelVersion>
  <groupId>com.telstra.ipnd</groupId>
  <artifactId>rassp_upload_ipnd</artifactId>
  <name>${project.artifactId}</name>
  <version>0.0.1</version>
  <description>Daily and adhoc RASSP address upload to IPND</description>
  <inceptionYear>2021</inceptionYear>
  <build>
    <sourceDirectory>src/main/scala</sourceDirectory>
    <testSourceDirectory>src/test/scala</testSourceDirectory>
    <plugins>
      <plugin>
        <groupId>net.alchim31.maven</groupId>
        <artifactId>scala-maven-plugin</artifactId>
        <version>4.5.3</version>
        <executions>
          <execution>
            <goals>
              <goal>compile</goal>
              <goal>testCompile</goal>
            </goals>
          </execution>
        </executions>
      </plugin>
      <plugin>
        <groupId>org.scalatest</groupId>
        <artifactId>maven-assembly-plugin</artifactId>
        <version>3.3.0</version>
        <configuration>
          <archive>
            <manifest>
              <mainClass>com.telstra.ipnd.MainApp</mainClass>
            </manifest>
          </archive>
        </configuration>
      </plugin>
      <plugin>
        <artifactId>maven-shade-plugin</artifactId>
        <version>2.3</version>
        <executions>
          <execution>
            <phase>package</phase>
            <goals>
              <goal>shade</goal>
            </goals>
          </execution>
        </executions>
        <configuration>
          <filters>
            <filter>
              <artifact>*:*</artifact>
              <excludes>
                <exclude>META-INF/*.SF</exclude>
                <exclude>META-INF/*.DSA</exclude>
                <exclude>META-INF/*.RSA</exclude>
              </excludes>
            </filter>
          </filters>
        </configuration>
      </plugin>
      <plugin>
        <groupId>org.jacoco</groupId>
        <artifactId>jacoco-maven-plugin</artifactId>
        <version>0.8.7</version>
        <executions>
          <execution>
            <id>prepare-agent</id>
            <goals>
              <goal>prepare-agent</goal>
            </goals>
          </execution>
          <execution>
            <id>report</id>
            <phase>prepare-package</phase>
            <goals>
              <goal>report</goal>
            </goals>
          </execution>
          <execution>
            <id>post-unit-test</id>
            <phase>test</phase>
            <goals>
              <goal>report</goal>
            </goals>
            <configuration>
              <dataFile>target/jacoco.exec</dataFile>
              <outputDirectory>target/jacoco-ut</outputDirectory>
            </configuration>
          </execution>
        </executions>
        <configuration>
          <excludes>
            <exclude>**/services/*.*</exclude>
            <exclude>**/AbstractApp.*</exclude>
            <exclude>**/SparkUtils.*</exclude>
          </excludes>
          <systemPropertyVariables>
            <jacoco-agent.destfile>target/jacoco.exec</jacoco-agent.destfile>
          </systemPropertyVariables>
        </configuration>
      </plugin>
    </plugins>
  </build>
  <repositories>
    <repository>
      <releases />
      <snapshots />
      <id>azure-devops-maven-artifact-repository@Local</id>
      <url>https://pkgs.dev.azure.com/DataCore-Telstra/_packaging/azure-devops-maven-artifact-repository%40Local/maven/v1</url>
    </repository>
  </repositories>
  <dependencies>
    <dependency>
      <groupId>org.powermock</groupId>
      <artifactId>powermock-api-mockito2</artifactId>
      <version>2.0.9</version>
      <scope>test</scope>
      <exclusions>
        <exclusion>
          <artifactId>powermock-api-support</artifactId>
          <groupId>org.powermock</groupId>
        </exclusion>
        <exclusion>
          <artifactId>mockito-core</artifactId>
          <groupId>org.mockito</groupId>
        </exclusion>
      </exclusions>
    </dependency>
    <dependency>
      <groupId>org.powermock</groupId>
      <artifactId>powermock-module-junit4</artifactId>
      <version>2.0.9</version>
      <scope>test</scope>
      <exclusions>
        <exclusion>
          <artifactId>powermock-module-junit4-common</artifactId>
          <groupId>org.powermock</groupId>
        </exclusion>
        <exclusion>
          <artifactId>hamcrest-core</artifactId>
          <groupId>org.hamcrest</groupId>
        </exclusion>
      </exclusions>
    </dependency>
    <dependency>
      <groupId>org.powermock</groupId>
      <artifactId>powermock-module-junit4-rule-agent</artifactId>
      <version>2.0.9</version>
      <scope>test</scope>
      <exclusions>
        <exclusion>
          <artifactId>powermock-core</artifactId>
          <groupId>org.powermock</groupId>
        </exclusion>
        <exclusion>
          <artifactId>powermock-module-javaagent</artifactId>
          <groupId>org.powermock</groupId>
        </exclusion>
        <exclusion>
          <artifactId>hamcrest-core</artifactId>
          <groupId>org.hamcrest</groupId>
        </exclusion>
      </exclusions>
    </dependency>
    <dependency>
      <groupId>org.scala-lang</groupId>
      <artifactId>scala-library</artifactId>
      <version>2.12.14</version>
      <scope>provided</scope>
      <exclusions>
        <exclusion>
          <artifactId>log4j</artifactId>
          <groupId>log4j</groupId>
        </exclusion>
      </exclusions>
    </dependency>
    <dependency>
      <groupId>org.apache.spark</groupId>
      <artifactId>spark-sql_2.12</artifactId>
      <version>3.1.2</version>
      <scope>provided</scope>
      <exclusions>
        <exclusion>
          <artifactId>commons-beanutils</artifactId>
          <groupId>commons-beanutils</groupId>
        </exclusion>
        <exclusion>
          <artifactId>jersey-media-jaxb</artifactId>
          <groupId>org.glassfish.jersey.media</groupId>
        </exclusion>
        <exclusion>
          <artifactId>httpclient</artifactId>
          <groupId>org.apache.httpcomponents</groupId>
        </exclusion>
        <exclusion>
          <artifactId>commons-compress</artifactId>
          <groupId>org.apache.commons</groupId>
        </exclusion>
        <exclusion>
          <artifactId>json-smart</artifactId>
          <groupId>net.minidev</groupId>
        </exclusion>
        <exclusion>
          <artifactId>commons-io</artifactId>
          <groupId>commons-io</groupId>
        </exclusion>
        <exclusion>
          <artifactId>univocity-parsers</artifactId>
          <groupId>com.univocity</groupId>
        </exclusion>
        <exclusion>
          <artifactId>spark-sketch_2.12</artifactId>
          <groupId>org.apache.spark</groupId>
        </exclusion>
        <exclusion>
          <artifactId>spark-core_2.12</artifactId>
          <groupId>org.apache.spark</groupId>
        </exclusion>
        <exclusion>
          <artifactId>spark-catalyst_2.12</artifactId>
          <groupId>org.apache.spark</groupId>
        </exclusion>
        <exclusion>
          <artifactId>spark-tags_2.12</artifactId>
          <groupId>org.apache.spark</groupId>
        </exclusion>
        <exclusion>
          <artifactId>orc-core</artifactId>
          <groupId>org.apache.orc</groupId>
        </exclusion>
        <exclusion>
          <artifactId>orc-mapreduce</artifactId>
          <groupId>org.apache.orc</groupId>
        </exclusion>
        <exclusion>
          <artifactId>hive-storage-api</artifactId>
          <groupId>org.apache.hive</groupId>
        </exclusion>
        <exclusion>
          <artifactId>parquet-column</artifactId>
          <groupId>org.apache.parquet</groupId>
        </exclusion>
        <exclusion>
          <artifactId>parquet-hadoop</artifactId>
          <groupId>org.apache.parquet</groupId>
        </exclusion>
        <exclusion>
          <artifactId>jackson-databind</artifactId>
          <groupId>com.fasterxml.jackson.core</groupId>
        </exclusion>
        <exclusion>
          <artifactId>xbean-asm7-shaded</artifactId>
          <groupId>org.apache.xbean</groupId>
        </exclusion>
        <exclusion>
          <artifactId>unused</artifactId>
          <groupId>org.spark-project.spark</groupId>
        </exclusion>
      </exclusions>
    </dependency>
    <dependency>
      <groupId>commons-beanutils</groupId>
      <artifactId>commons-beanutils</artifactId>
      <version>1.9.4</version>
      <scope>provided</scope>
      <exclusions>
        <exclusion>
          <artifactId>commons-logging</artifactId>
          <groupId>commons-logging</groupId>
        </exclusion>
        <exclusion>
          <artifactId>commons-collections</artifactId>
          <groupId>commons-collections</groupId>
        </exclusion>
      </exclusions>
    </dependency>
    <dependency>
      <groupId>org.glassfish.jersey.media</groupId>
      <artifactId>jersey-media-jaxb</artifactId>
      <version>2.31</version>
      <scope>provided</scope>
      <exclusions>
        <exclusion>
          <artifactId>jersey-common</artifactId>
          <groupId>org.glassfish.jersey.core</groupId>
        </exclusion>
        <exclusion>
          <artifactId>jakarta.inject</artifactId>
          <groupId>org.glassfish.hk2.external</groupId>
        </exclusion>
        <exclusion>
          <artifactId>osgi-resource-locator</artifactId>
          <groupId>org.glassfish.hk2</groupId>
        </exclusion>
      </exclusions>
    </dependency>
    <dependency>
      <groupId>org.apache.httpcomponents</groupId>
      <artifactId>httpclient</artifactId>
      <version>4.5.13</version>
      <scope>provided</scope>
      <exclusions>
        <exclusion>
          <artifactId>httpcore</artifactId>
          <groupId>org.apache.httpcomponents</groupId>
        </exclusion>
        <exclusion>
          <artifactId>commons-codec</artifactId>
          <groupId>commons-codec</groupId>
        </exclusion>
        <exclusion>
          <artifactId>commons-logging</artifactId>
          <groupId>commons-logging</groupId>
        </exclusion>
      </exclusions>
    </dependency>
    <dependency>
      <groupId>org.apache.commons</groupId>
      <artifactId>commons-compress</artifactId>
      <version>1.21</version>
      <scope>provided</scope>
    </dependency>
    <dependency>
      <groupId>net.minidev</groupId>
      <artifactId>json-smart</artifactId>
      <version>2.4.7</version>
      <scope>provided</scope>
      <exclusions>
        <exclusion>
          <artifactId>accessors-smart</artifactId>
          <groupId>net.minidev</groupId>
        </exclusion>
      </exclusions>
    </dependency>
    <dependency>
      <groupId>commons-io</groupId>
      <artifactId>commons-io</artifactId>
      <version>2.7</version>
      <scope>provided</scope>
    </dependency>
    <dependency>
      <groupId>org.apache.logging.log4j</groupId>
      <artifactId>log4j-core</artifactId>
      <version>2.14.1</version>
      <scope>provided</scope>
    </dependency>
    <dependency>
      <groupId>org.apache.logging.log4j</groupId>
      <artifactId>log4j-api</artifactId>
      <version>2.14.1</version>
      <scope>provided</scope>
    </dependency>
    <dependency>
      <groupId>com.databricks</groupId>
      <artifactId>dbutils-api_2.12</artifactId>
      <version>0.0.5</version>
      <scope>provided</scope>
    </dependency>
    <dependency>
      <groupId>junit</groupId>
      <artifactId>junit</artifactId>
      <version>4.12</version>
      <scope>test</scope>
      <exclusions>
        <exclusion>
          <artifactId>hamcrest-core</artifactId>
          <groupId>org.hamcrest</groupId>
        </exclusion>
      </exclusions>
    </dependency>
    <dependency>
      <groupId>org.scalatest</groupId>
      <artifactId>scalatest_2.12</artifactId>
      <version>3.0.5</version>
      <scope>test</scope>
      <exclusions>
        <exclusion>
          <artifactId>scalactic_2.12</artifactId>
          <groupId>org.scalactic</groupId>
        </exclusion>
        <exclusion>
          <artifactId>scala-reflect</artifactId>
          <groupId>org.scala-lang</groupId>
        </exclusion>
        <exclusion>
          <artifactId>scala-xml_2.12</artifactId>
          <groupId>org.scala-lang.modules</groupId>
        </exclusion>
      </exclusions>
    </dependency>
    <dependency>
      <groupId>org.specs2</groupId>
      <artifactId>specs2-core_2.12</artifactId>
      <version>4.2.0</version>
      <scope>test</scope>
      <exclusions>
        <exclusion>
          <artifactId>specs2-matcher_2.12</artifactId>
          <groupId>org.specs2</groupId>
        </exclusion>
        <exclusion>
          <artifactId>test-interface</artifactId>
          <groupId>org.scala-sbt</groupId>
        </exclusion>
      </exclusions>
    </dependency>
    <dependency>
      <groupId>org.specs2</groupId>
      <artifactId>specs2-junit_2.12</artifactId>
      <version>4.2.0</version>
      <scope>test</scope>
      <exclusions>
        <exclusion>
          <artifactId>test-interface</artifactId>
          <groupId>org.scala-sbt</groupId>
        </exclusion>
      </exclusions>
    </dependency>
  </dependencies>
  <distributionManagement>
    <repository>
      <id>azure-devops-maven-artifact-repository@Local</id>
      <url>https://pkgs.dev.azure.com/DataCore-Telstra/_packaging/azure-devops-maven-artifact-repository%40Local/maven/v1</url>
    </repository>
  </distributionManagement>
  <properties>
    <dbutils-api.version>0.0.5</dbutils-api.version>
    <spec2.version>4.2.0</spec2.version>
    <encoding>UTF-8</encoding>
    <maven.compiler.target>1.8</maven.compiler.target>
    <scala.version>2.12.14</scala.version>
    <scala.compat.version>2.12</scala.compat.version>
    <spark.version>3.1.2</spark.version>
    <maven.compiler.source>1.8</maven.compiler.source>
    <log4j.core.version>2.14.1</log4j.core.version>
  </properties>
</project>

