{
	"$schema": "https://schema.management.azure.com/schemas/2015-01-01/deploymentParameters.json#",
	"contentVersion": "1.0.0.0",
	"parameters": {
		"factoryName": {
			"value": "tcp-azu0014-ae-adf-datacore-ipnd-nprod"
		},
		"LinkedService_CSA_passPhrase": {
			"value": ""
		},
		"LinkedService_SFX_passPhrase": {
			"value": ""
		},
		"LinkedService_AFA_properties_typeProperties_functionAppUrl": {
			"value": "https://tcp-azu0014-ae-afa-datacore-ipnd-nprod01.azurewebsites.net/"
		},
		"LinkedService_AFA_properties_typeProperties_resourceId": {
			"value": ""
		},
		"LinkedService_AKV_properties_typeProperties_baseUrl": {
			"value": "https://tcpazu0014nkdatacoreipnd.vault.azure.net/"
		},
		"LinkedService_CSA_properties_typeProperties_host": {
			"value": "lxapp0206.in.telstra.com.au"
		},
		"LinkedService_CSA_properties_typeProperties_userName": {
			"value": "n105324"
		},
		"LinkedService_Databricks_properties_typeProperties_domain": {
			"value": ""
		},
		"LinkedService_Databricks_properties_typeProperties_workspaceResourceId": {
			"value": ""
		},
		"LinkedService_Datacore_Data_properties_typeProperties_url": {
			"value": "https://tcp0014vsdatacoreipndnpd.dfs.core.windows.net"
		},
		"LinkedService_SFX_properties_typeProperties_host": {
			"value": "10.75.71.198"
		},
		"LinkedService_SFX_properties_typeProperties_userName": {
			"value": "DATACORE_ADF_SFX_P01"
		}
	}
}