{
  "JobId": "DNA_JOB_SAMPLE",
  "Name": "SDS_JOB_TO_INGEST_DNA_DATA",
  "Description": "Ingestion from CSA to ADLS",
  "DataContainer": "IPND",
  "Tasks": [
    {
      "Sequence": 10,
      "PipelineName": "Copy_Data_From_CSA_to_ADLS",
      "Description": "Copy files from CSA to ADLS",
      "Parameters": {
        "Source": "/ipnd/table1",
        "Target": "/sds/ipnd/<yyy>/<mm>/<dd>/",
        "FilePattern":"File_name_XX"
      }
    }, 
    {
      "Sequence": 20,
      "PipelineName": "Execute_ADB_Jar",
      "Description": "Validate and Stage Files",
      "Parameters": {
        "JarFileName": "A55_DD",
        "JarFileLocation":"<Path>",
        "JarParameterFile":"<Parameters_to_jar>",
        "MainClass_to_trigger":"<Class_name>"
      }
    }]
}