{
	"$schema": "http://schema.management.azure.com/schemas/2015-01-01/deploymentTemplate.json#",
	"contentVersion": "1.0.0.0",
	"parameters": {
		"factoryName": {
			"type": "string",
			"metadata": "Data Factory name",
			"defaultValue": "tcp-azu0014-ae-adf-datacore-ipnd-nprod"
		}
	},
	"variables": {
		"factoryId": "[concat('Microsoft.DataFactory/factories/', parameters('factoryName'))]"
	},
	"resources": [
		{
			"name": "[concat(parameters('factoryName'), '/Main')]",
			"type": "Microsoft.DataFactory/factories/pipelines",
			"apiVersion": "2018-06-01",
			"properties": {
				"description": "This is the main pipeline called by the runjob function upon each job trigger",
				"activities": [
					{
						"name": "LoopThroughJobTasks",
						"description": "This activity takes the list of tasks from given job.json and processes them in sequence",
						"type": "ForEach",
						"dependsOn": [],
						"userProperties": [],
						"typeProperties": {
							"items": {
								"value": "@pipeline().parameters.tasks",
								"type": "Expression"
							},
							"isSequential": true,
							"activities": [
								{
									"name": "ExecuteCurrentTaskPipeline",
									"description": "The tasks match the current task to its pipeline and passes on the incoming parameters",
									"type": "Switch",
									"dependsOn": [],
									"userProperties": [],
									"typeProperties": {
										"on": {
											"value": "@item().pipelineName",
											"type": "Expression"
										},
										"cases": [
											{
												"value": "CopyData",
												"activities": [
													{
														"name": "ExecuteCopyDataPipeline",
														"description": "This activity calls the task pipeline matching the input task name",
														"type": "ExecutePipeline",
														"dependsOn": [],
														"userProperties": [],
														"typeProperties": {
															"pipeline": {
																"referenceName": "CopyData",
																"type": "PipelineReference"
															},
															"waitOnCompletion": true,
															"parameters": {
																"filePattern": {
																	"value": "@item().parameters.filePattern",
																	"type": "Expression"
																},
																"taskRunId": {
																	"value": "@item().taskRunId",
																	"type": "Expression"
																},
																"jobRunId": {
																	"value": "@pipeline().parameters.jobRunId",
																	"type": "Expression"
																},
																"oDate": {
																	"value": "@pipeline().parameters.oDate",
																	"type": "Expression"
																},
																"fileExtensions": {
																	"value": "@item().parameters.fileExtensions",
																	"type": "Expression"
																},
																"compression": {
																	"value": "@item().parameters.compression",
																	"type": "Expression"
																},
																"sourceSystem": {
																	"value": "@item().sourceSystem",
																	"type": "Expression"
																},
																"source": {
																	"value": "@item().parameters.source",
																	"type": "Expression"
																},
																"sourcePath": {
																	"value": "@item().parameters.sourcePath",
																	"type": "Expression"
																},
																"destination": {
																	"value": "@item().parameters.destination",
																	"type": "Expression"
																},
																"destinationPath": {
																	"value": "@item().parameters.destinationPath",
																	"type": "Expression"
																},
																"enforceSequence": {
																	"value": "@item().parameters.enforceSequence",
																	"type": "Expression"
																}
															}
														}
													},
													{
														"name": "SetCopyDataUuid",
														"type": "SetVariable",
														"dependsOn": [
															{
																"activity": "ExecuteCopyDataPipeline",
																"dependencyConditions": [
																	"Succeeded"
																]
															}
														],
														"userProperties": [],
														"typeProperties": {
															"variableName": "taskRunUuid",
															"value": {
																"value": "@activity('ExecuteCopyDataPipeline').output.pipelineRunId\n",
																"type": "Expression"
															}
														}
													}
												]
											},
											{
												"value": "TaskNotScheduled",
												"activities": [
													{
														"name": "ExecuteTaskNotScheduledPipeline",
														"type": "ExecutePipeline",
														"dependsOn": [],
														"userProperties": [],
														"typeProperties": {
															"pipeline": {
																"referenceName": "DumbPipeline",
																"type": "PipelineReference"
															},
															"waitOnCompletion": true
														}
													}
												]
											},
											{
												"value": "SuccessTask",
												"activities": [
													{
														"name": "ExecuteSuccessTaskPipeline",
														"type": "ExecutePipeline",
														"dependsOn": [],
														"userProperties": [],
														"typeProperties": {
															"pipeline": {
																"referenceName": "SuccessTask",
																"type": "PipelineReference"
															},
															"waitOnCompletion": true,
															"parameters": {
																"taskRunId": {
																	"value": "@item().taskRunId",
																	"type": "Expression"
																}
															}
														}
													},
													{
														"name": "SetSuccessTaskUuid",
														"type": "SetVariable",
														"dependsOn": [
															{
																"activity": "ExecuteSuccessTaskPipeline",
																"dependencyConditions": [
																	"Succeeded"
																]
															}
														],
														"userProperties": [],
														"typeProperties": {
															"variableName": "taskRunUuid",
															"value": {
																"value": "@activity('ExecuteSuccessTaskPipeline').output.pipelineRunId",
																"type": "Expression"
															}
														}
													}
												]
											},
											{
												"value": "FailureTask",
												"activities": [
													{
														"name": "ExecuteFailureTaskPipeline",
														"type": "ExecutePipeline",
														"dependsOn": [],
														"userProperties": [],
														"typeProperties": {
															"pipeline": {
																"referenceName": "FailureTask",
																"type": "PipelineReference"
															},
															"waitOnCompletion": true,
															"parameters": {
																"taskRunId": {
																	"value": "@item().taskRunId",
																	"type": "Expression"
																}
															}
														}
													},
													{
														"name": "SetFailureTaskUuid",
														"type": "SetVariable",
														"dependsOn": [
															{
																"activity": "ExecuteFailureTaskPipeline",
																"dependencyConditions": [
																	"Succeeded"
																]
															}
														],
														"userProperties": [],
														"typeProperties": {
															"variableName": "taskRunUuid",
															"value": {
																"value": "@activity('ExecuteFailureTaskPipeline').output.pipelineRunId",
																"type": "Expression"
															}
														}
													}
												]
											}
										]
									}
								},
								{
									"name": "UpdateTaskStatusCompleted",
									"type": "AzureFunctionActivity",
									"dependsOn": [
										{
											"activity": "ExecuteCurrentTaskPipeline",
											"dependencyConditions": [
												"Succeeded"
											]
										}
									],
									"policy": {
										"timeout": "7.00:00:00",
										"retry": 0,
										"retryIntervalInSeconds": 30,
										"secureOutput": false,
										"secureInput": false
									},
									"userProperties": [],
									"typeProperties": {
										"functionName": "update_task_status",
										"method": "POST",
										"body": {
											"value": "{\n    \"status\": \"completed\",\n    \"taskRunId\": @{item().taskRunId},\n    \"taskRunUuid\": \"@{variables('taskRunUuid')}\"\n}\n",
											"type": "Expression"
										}
									},
									"linkedServiceName": {
										"referenceName": "LinkedService_AFA",
										"type": "LinkedServiceReference"
									}
								},
								{
									"name": "UpdateTaskStatusFailed",
									"type": "AzureFunctionActivity",
									"dependsOn": [
										{
											"activity": "ExecuteCurrentTaskPipeline",
											"dependencyConditions": [
												"Failed"
											]
										}
									],
									"policy": {
										"timeout": "7.00:00:00",
										"retry": 0,
										"retryIntervalInSeconds": 30,
										"secureOutput": false,
										"secureInput": false
									},
									"userProperties": [],
									"typeProperties": {
										"functionName": "update_task_status",
										"method": "POST",
										"body": {
											"value": "{\n    \"status\": \"failed\",\n    \"taskRunId\": @{item().taskRunId},\n    \"taskRunUuid\": \"@{variables('taskRunUuid')}\"\n}\n",
											"type": "Expression"
										}
									},
									"linkedServiceName": {
										"referenceName": "LinkedService_AFA",
										"type": "LinkedServiceReference"
									}
								},
								{
									"name": "CancelJob",
									"type": "AzureFunctionActivity",
									"dependsOn": [
										{
											"activity": "UpdateTaskStatusFailed",
											"dependencyConditions": [
												"Succeeded"
											]
										}
									],
									"policy": {
										"timeout": "7.00:00:00",
										"retry": 0,
										"retryIntervalInSeconds": 30,
										"secureOutput": false,
										"secureInput": false
									},
									"userProperties": [],
									"typeProperties": {
										"functionName": "cancel_job_run",
										"method": "POST",
										"body": {
											"value": "{\n   \"taskRunId\": @{item().taskRunId}\n}",
											"type": "Expression"
										}
									},
									"linkedServiceName": {
										"referenceName": "LinkedService_AFA",
										"type": "LinkedServiceReference"
									}
								}
							]
						}
					},
					{
						"name": "UpdateJobStatusToCompleted",
						"type": "AzureFunctionActivity",
						"dependsOn": [
							{
								"activity": "LoopThroughJobTasks",
								"dependencyConditions": [
									"Succeeded"
								]
							}
						],
						"policy": {
							"timeout": "7.00:00:00",
							"retry": 0,
							"retryIntervalInSeconds": 30,
							"secureOutput": false,
							"secureInput": false
						},
						"userProperties": [],
						"typeProperties": {
							"functionName": "update_job_status",
							"method": "POST",
							"body": {
								"value": "{\n    \"status\": \"completed\",\n    \"jobRunId\": @{pipeline().parameters.jobRunId},\n    \"jobRunUuid\": \"@{pipeline().RunId}\"\n}\n\n",
								"type": "Expression"
							}
						},
						"linkedServiceName": {
							"referenceName": "LinkedService_AFA",
							"type": "LinkedServiceReference"
						}
					}
				],
				"concurrency": 10,
				"parameters": {
					"tasks": {
						"type": "array"
					},
					"jobRunId": {
						"type": "int"
					},
					"oDate": {
						"type": "string"
					},
					"sourceSystem": {
						"type": "string"
					},
					"tableName": {
						"type": "string"
					}
				},
				"variables": {
					"taskRunUuid": {
						"type": "String"
					},
					"taskRunId": {
						"type": "String"
					}
				},
				"folder": {
					"name": "Datacore-Framework-Pipelines"
				},
				"annotations": []
			},
			"dependsOn": []
		}
	]
}