{
	"$schema": "http://schema.management.azure.com/schemas/2015-01-01/deploymentTemplate.json#",
	"contentVersion": "1.0.0.0",
	"parameters": {
		"factoryName": {
			"type": "string",
			"metadata": "Data Factory name",
			"defaultValue": "tcp-azu0014-ae-adf-datacore-ipnd-nprod"
		}
	},
	"variables": {
		"factoryId": "[concat('Microsoft.DataFactory/factories/', parameters('factoryName'))]"
	},
	"resources": [
		{
			"name": "[concat(parameters('factoryName'), '/LinkedServiceAFA13')]",
			"type": "Microsoft.DataFactory/factories/linkedServices",
			"apiVersion": "2018-06-01",
			"properties": {
				"annotations": [],
				"type": "AzureFunction",
				"typeProperties": {
					"functionAppUrl": "https://tcp0013-test-code.azurewebsites.net",
					"functionKey": {
						"type": "SecureString",
						"value": "**********"
					},
					"authentication": "MSI",
					"resourceId": "/subscriptions/1ca1d4fc-c8e0-451a-83eb-43609d8f3d80/resourceGroups/tcp-azu0013-datacore-ipnd-ae-rg-model/providers/Microsoft.Web/sites/tcp0013-test-code"
				},
				"connectVia": {
					"referenceName": "datacore-ipnd-shir",
					"type": "IntegrationRuntimeReference"
				}
			},
			"dependsOn": []
		}
	]
}