{
	"$schema": "http://schema.management.azure.com/schemas/2015-01-01/deploymentTemplate.json#",
	"contentVersion": "1.0.0.0",
	"parameters": {
		"factoryName": {
			"type": "string",
			"metadata": "Data Factory name",
			"defaultValue": "tcp-azu0014-ae-adf-datacore-ipnd-nprod"
		}
	},
	"variables": {
		"factoryId": "[concat('Microsoft.DataFactory/factories/', parameters('factoryName'))]"
	},
	"resources": [
		{
			"name": "[concat(parameters('factoryName'), '/CopyFromSource')]",
			"type": "Microsoft.DataFactory/factories/pipelines",
			"apiVersion": "2018-06-01",
			"properties": {
				"activities": [
					{
						"name": "FilterFiles",
						"description": "Call the azure function with list of files to pattern match and find triplets and copy it across.",
						"type": "AzureFunctionActivity",
						"dependsOn": [
							{
								"activity": "ListFilesFromSource",
								"dependencyConditions": [
									"Succeeded"
								]
							}
						],
						"policy": {
							"timeout": "7.00:00:00",
							"retry": 0,
							"retryIntervalInSeconds": 30,
							"secureOutput": false,
							"secureInput": false
						},
						"userProperties": [],
						"typeProperties": {
							"functionName": "filter_files",
							"method": "POST",
							"body": {
								"value": "{\n    \"oDate\": \"@{pipeline().parameters.oDate}\",\n    \"fileList\": @{variables('SourceFileList')},\n    \"filePattern\": \"@{pipeline().parameters.filePattern}\",\n    \"compression\": @{if(pipeline().parameters.compression,'true', 'false')},\n    \"fileExtensions\": @{pipeline().parameters.fileExtensions},\n    \"taskRunId\": @{pipeline().parameters.taskRunId},\n    \"jobRunId\": @{pipeline().parameters.jobRunId}\n}",
								"type": "Expression"
							}
						},
						"linkedServiceName": {
							"referenceName": "LinkedService_AFA",
							"type": "LinkedServiceReference"
						}
					},
					{
						"name": "UpdateRunning",
						"type": "AzureFunctionActivity",
						"dependsOn": [
							{
								"activity": "SetTaskPipelineRunId",
								"dependencyConditions": [
									"Succeeded"
								]
							}
						],
						"policy": {
							"timeout": "7.00:00:00",
							"retry": 0,
							"retryIntervalInSeconds": 30,
							"secureOutput": false,
							"secureInput": false
						},
						"userProperties": [],
						"typeProperties": {
							"functionName": "update_task_status",
							"method": "POST",
							"body": {
								"value": "{\n    \"status\": \"running\",\n    \"taskRunId\": @{pipeline().parameters.taskRunId},\n    \"taskRunUuid\": \"@{variables('TaskRunUuid')}\"\n}",
								"type": "Expression"
							}
						},
						"linkedServiceName": {
							"referenceName": "LinkedService_AFA",
							"type": "LinkedServiceReference"
						}
					},
					{
						"name": "SetTaskPipelineRunId",
						"type": "SetVariable",
						"dependsOn": [],
						"userProperties": [],
						"typeProperties": {
							"variableName": "TaskRunUuid",
							"value": {
								"value": "@pipeline().RunId",
								"type": "Expression"
							}
						}
					},
					{
						"name": "ListFilesFromSource",
						"type": "Switch",
						"dependsOn": [
							{
								"activity": "UpdateRunning",
								"dependencyConditions": [
									"Succeeded"
								]
							}
						],
						"userProperties": [],
						"typeProperties": {
							"on": {
								"value": "@pipeline().parameters.source",
								"type": "Expression"
							},
							"cases": [
								{
									"value": "CSA",
									"activities": [
										{
											"name": "ListFilesFromCSA",
											"type": "GetMetadata",
											"dependsOn": [],
											"policy": {
												"timeout": "7.00:00:00",
												"retry": 0,
												"retryIntervalInSeconds": 30,
												"secureOutput": false,
												"secureInput": false
											},
											"userProperties": [],
											"typeProperties": {
												"dataset": {
													"referenceName": "CSADataSetInbound",
													"type": "DatasetReference",
													"parameters": {
														"sourcePath": {
															"value": "@pipeline().parameters.sourcePath",
															"type": "Expression"
														}
													}
												},
												"fieldList": [
													"itemName",
													"childItems"
												],
												"storeSettings": {
													"type": "SftpReadSettings",
													"recursive": true,
													"enablePartitionDiscovery": false
												},
												"formatSettings": {
													"type": "BinaryReadSettings"
												}
											}
										},
										{
											"name": "SetCSAFileList",
											"type": "SetVariable",
											"dependsOn": [
												{
													"activity": "ListFilesFromCSA",
													"dependencyConditions": [
														"Succeeded"
													]
												}
											],
											"userProperties": [],
											"typeProperties": {
												"variableName": "SourceFileList",
												"value": {
													"value": "@activity('ListFilesFromCSA').output.childItems",
													"type": "Expression"
												}
											}
										}
									]
								},
								{
									"value": "ADLS",
									"activities": [
										{
											"name": "ListFilesOnADLS",
											"type": "GetMetadata",
											"dependsOn": [],
											"policy": {
												"timeout": "7.00:00:00",
												"retry": 0,
												"retryIntervalInSeconds": 30,
												"secureOutput": false,
												"secureInput": false
											},
											"userProperties": [],
											"typeProperties": {
												"dataset": {
													"referenceName": "ListSourceDirectoryAdls",
													"type": "DatasetReference",
													"parameters": {
														"ContainerName": {
															"value": "@pipeline().parameters.sourceSystem",
															"type": "Expression"
														},
														"Path": {
															"value": "@pipeline().parameters.sourcePath",
															"type": "Expression"
														}
													}
												},
												"fieldList": [
													"itemName",
													"childItems"
												],
												"storeSettings": {
													"type": "AzureBlobFSReadSettings",
													"recursive": true,
													"enablePartitionDiscovery": false
												},
												"formatSettings": {
													"type": "BinaryReadSettings"
												}
											}
										},
										{
											"name": "SetADLSFileList",
											"type": "SetVariable",
											"dependsOn": [
												{
													"activity": "ListFilesOnADLS",
													"dependencyConditions": [
														"Succeeded"
													]
												}
											],
											"userProperties": [],
											"typeProperties": {
												"variableName": "SourceFileList",
												"value": {
													"value": "@activity('ListFilesOnADLS').output.childItems",
													"type": "Expression"
												}
											}
										}
									]
								},
								{
									"value": "SFX",
									"activities": [
										{
											"name": "ActivityPlaceHolder",
											"type": "SetVariable",
											"dependsOn": [],
											"userProperties": [],
											"typeProperties": {
												"variableName": "TaskRunUuid",
												"value": "BLAH"
											}
										}
									]
								}
							]
						}
					},
					{
						"name": "TransferFiles",
						"type": "Switch",
						"dependsOn": [
							{
								"activity": "FilterFiles",
								"dependencyConditions": [
									"Succeeded"
								]
							}
						],
						"userProperties": [],
						"typeProperties": {
							"on": {
								"value": "@{pipeline().parameters.source}to@{pipeline().parameters.destination}",
								"type": "Expression"
							},
							"cases": [
								{
									"value": "CSAtoADLS",
									"activities": [
										{
											"name": "ActivityPlaceHolder2",
											"type": "SetVariable",
											"dependsOn": [],
											"userProperties": [],
											"typeProperties": {
												"variableName": "TaskRunUuid",
												"value": "BLAH"
											}
										}
									]
								},
								{
									"value": "ADLStoADLS",
									"activities": [
										{
											"name": "TransferADLStoADLS",
											"type": "Copy",
											"dependsOn": [],
											"policy": {
												"timeout": "7.00:00:00",
												"retry": 0,
												"retryIntervalInSeconds": 30,
												"secureOutput": false,
												"secureInput": false
											},
											"userProperties": [],
											"typeProperties": {
												"source": {
													"type": "BinarySource",
													"storeSettings": {
														"type": "AzureBlobFSReadSettings",
														"fileListPath": {
															"value": "@pipeline().parameters.fileList",
															"type": "Expression"
														},
														"deleteFilesAfterCompletion": false
													},
													"formatSettings": {
														"type": "BinaryReadSettings"
													}
												},
												"sink": {
													"type": "BinarySink",
													"storeSettings": {
														"type": "AzureBlobFSWriteSettings"
													}
												},
												"enableStaging": false
											},
											"inputs": [
												{
													"referenceName": "SourceDataSet",
													"type": "DatasetReference",
													"parameters": {
														"Container": {
															"value": "@pipeline().parameters.sourceSystem",
															"type": "Expression"
														},
														"Path": {
															"value": "@pipeline().parameters.sourcePath",
															"type": "Expression"
														}
													}
												}
											],
											"outputs": [
												{
													"referenceName": "TargetDataSet",
													"type": "DatasetReference",
													"parameters": {
														"Container": {
															"value": "@pipeline().parameters.sourceSystem",
															"type": "Expression"
														},
														"Path": {
															"value": "@pipeline().parameters.destinationPath",
															"type": "Expression"
														}
													}
												}
											]
										}
									]
								}
							]
						}
					}
				],
				"parameters": {
					"filePattern": {
						"type": "string"
					},
					"taskRunId": {
						"type": "string"
					},
					"jobRunId": {
						"type": "string"
					},
					"oDate": {
						"type": "string"
					},
					"fileExtensions": {
						"type": "array"
					},
					"compression": {
						"type": "bool",
						"defaultValue": false
					},
					"sourceSystem": {
						"type": "string"
					},
					"sourcePath": {
						"type": "string"
					},
					"destinationPath": {
						"type": "string"
					},
					"fileList": {
						"type": "string"
					},
					"source": {
						"type": "string"
					},
					"destination": {
						"type": "string"
					}
				},
				"variables": {
					"TaskRunUuid": {
						"type": "String"
					},
					"SourceFileList": {
						"type": "Array"
					}
				},
				"folder": {
					"name": "Datacore-Framework-Pipelines"
				},
				"annotations": []
			},
			"dependsOn": []
		},
		{
			"name": "[concat(parameters('factoryName'), '/az_test')]",
			"type": "Microsoft.DataFactory/factories/pipelines",
			"apiVersion": "2018-06-01",
			"properties": {
				"activities": [
					{
						"name": "ForEachTask",
						"type": "ForEach",
						"dependsOn": [
							{
								"activity": "SetVar",
								"dependencyConditions": [
									"Succeeded"
								]
							}
						],
						"userProperties": [],
						"typeProperties": {
							"items": {
								"value": "@pipeline().parameters.tasks",
								"type": "Expression"
							},
							"activities": [
								{
									"name": "TestSwitch",
									"type": "Switch",
									"dependsOn": [],
									"userProperties": [],
									"typeProperties": {
										"on": {
											"value": "@item().name",
											"type": "Expression"
										},
										"cases": [
											{
												"value": "Task1",
												"activities": [
													{
														"name": "SetTask1Name",
														"type": "SetVariable",
														"dependsOn": [],
														"userProperties": [],
														"typeProperties": {
															"variableName": "task1Name",
															"value": {
																"value": "@{item().name}@{item().id}",
																"type": "Expression"
															}
														}
													}
												]
											},
											{
												"value": "Task2",
												"activities": [
													{
														"name": "SetTask2Name",
														"type": "SetVariable",
														"dependsOn": [],
														"userProperties": [],
														"typeProperties": {
															"variableName": "task2Name",
															"value": {
																"value": "@item().name",
																"type": "Expression"
															}
														}
													}
												]
											}
										]
									}
								}
							]
						}
					},
					{
						"name": "SetVar",
						"type": "SetVariable",
						"dependsOn": [],
						"userProperties": [],
						"typeProperties": {
							"variableName": "json",
							"value": {
								"value": "{\n \"isBool\": @{if(pipeline().parameters.isBool, 'true', 'false')}\n}",
								"type": "Expression"
							}
						}
					}
				],
				"parameters": {
					"tasks": {
						"type": "array",
						"defaultValue": [
							{
								"id": 1,
								"name": "Task1"
							},
							{
								"id": 2,
								"name": "Task2"
							}
						]
					},
					"jobId": {
						"type": "int",
						"defaultValue": 1
					},
					"isBool": {
						"type": "bool",
						"defaultValue": true
					}
				},
				"variables": {
					"json": {
						"type": "String"
					},
					"task1Name": {
						"type": "String"
					},
					"task2Name": {
						"type": "String"
					}
				},
				"folder": {
					"name": "Datacore-Framework-Pipelines"
				},
				"annotations": []
			},
			"dependsOn": []
		}
	]
}