{
	"$schema": "http://schema.management.azure.com/schemas/2015-01-01/deploymentTemplate.json#",
	"contentVersion": "1.0.0.0",
	"parameters": {
		"factoryName": {
			"type": "string",
			"metadata": "Data Factory name",
			"defaultValue": "tcp-azu0014-ae-adf-datacore-ipnd-nprod"
		}
	},
	"variables": {
		"factoryId": "[concat('Microsoft.DataFactory/factories/', parameters('factoryName'))]"
	},
	"resources": [
		{
			"name": "[concat(parameters('factoryName'), '/RASSP-AddressMatcher')]",
			"type": "Microsoft.DataFactory/factories/pipelines",
			"apiVersion": "2018-06-01",
			"properties": {
				"activities": [
					{
						"name": "SetTaskPipelineRunId",
						"type": "SetVariable",
						"dependsOn": [],
						"userProperties": [],
						"typeProperties": {
							"variableName": "TaskRunUuid",
							"value": {
								"value": "@pipeline().RunId",
								"type": "Expression"
							}
						}
					},
					{
						"name": "UpdateTaskStatusToRunning",
						"type": "AzureFunctionActivity",
						"dependsOn": [
							{
								"activity": "SetTaskPipelineRunId",
								"dependencyConditions": [
									"Succeeded"
								]
							}
						],
						"policy": {
							"timeout": "7.00:00:00",
							"retry": 0,
							"retryIntervalInSeconds": 30,
							"secureOutput": false,
							"secureInput": false
						},
						"userProperties": [],
						"typeProperties": {
							"functionName": "update_task_status",
							"method": "POST",
							"body": {
								"value": "{\n    \"status\": \"running\",\n    \"taskRunId\": @{pipeline().parameters.taskRunId},\n    \"taskRunUuid\": \"@{variables('TaskRunUuid')}\"\n}",
								"type": "Expression"
							}
						},
						"linkedServiceName": {
							"referenceName": "LinkedService_AFA",
							"type": "LinkedServiceReference"
						}
					},
					{
						"name": "ExecuteSparkJAR",
						"type": "ExecutePipeline",
						"dependsOn": [
							{
								"activity": "UpdateTaskStatusToRunning",
								"dependencyConditions": [
									"Succeeded"
								]
							}
						],
						"userProperties": [],
						"typeProperties": {
							"pipeline": {
								"referenceName": "InvokeJARSparkApp",
								"type": "PipelineReference"
							},
							"waitOnCompletion": true,
							"parameters": {
								"jobRunId": {
									"value": "@pipeline().parameters.jobRunId",
									"type": "Expression"
								},
								"oDate": {
									"value": "@pipeline().parameters.oDate",
									"type": "Expression"
								},
								"environment": {
									"value": "@pipeline().parameters.environment",
									"type": "Expression"
								},
								"taskName": {
									"value": "@pipeline().parameters.taskName",
									"type": "Expression"
								},
								"taskRunId": {
									"value": "@pipeline().parameters.taskRunId",
									"type": "Expression"
								},
								"mainClass": {
									"value": "@pipeline().parameters.mainClass",
									"type": "Expression"
								}
							}
						}
					}
				],
				"parameters": {
					"jobRunId": {
						"type": "string"
					},
					"oDate": {
						"type": "string"
					},
					"environment": {
						"type": "string"
					},
					"taskName": {
						"type": "string"
					},
					"taskRunId": {
						"type": "string"
					},
					"mainClass": {
						"type": "string"
					}
				},
				"variables": {
					"TaskRunUuid": {
						"type": "String"
					}
				},
				"folder": {
					"name": "CustomTaskPipelines/IPND"
				},
				"annotations": [],
				"lastPublishTime": "2021-09-30T03:46:42Z"
			},
			"dependsOn": []
		}
	]
}