{
	"$schema": "http://schema.management.azure.com/schemas/2015-01-01/deploymentTemplate.json#",
	"contentVersion": "1.0.0.0",
	"parameters": {
		"factoryName": {
			"type": "string",
			"metadata": "Data Factory name",
			"defaultValue": "tcp-azu0014-ae-adf-datacore-ipnd-nprod"
		}
	},
	"variables": {
		"factoryId": "[concat('Microsoft.DataFactory/factories/', parameters('factoryName'))]"
	},
	"resources": [
		{
			"name": "[concat(parameters('factoryName'), '/CopyFromSource')]",
			"type": "Microsoft.DataFactory/factories/pipelines",
			"apiVersion": "2018-06-01",
			"properties": {
				"activities": [
					{
						"name": "List Files",
						"type": "GetMetadata",
						"dependsOn": [],
						"policy": {
							"timeout": "7.00:00:00",
							"retry": 0,
							"retryIntervalInSeconds": 30,
							"secureOutput": false,
							"secureInput": false
						},
						"userProperties": [],
						"typeProperties": {
							"dataset": {
								"referenceName": "ListSourceDirectoryAdls",
								"type": "DatasetReference",
								"parameters": {
									"ContainerName": {
										"value": "@pipeline().parameters.sourceSystem",
										"type": "Expression"
									},
									"Path": {
										"value": "@pipeline().parameters.sourcePath",
										"type": "Expression"
									}
								}
							},
							"fieldList": [
								"itemName",
								"childItems"
							],
							"storeSettings": {
								"type": "AzureBlobFSReadSettings",
								"recursive": true,
								"enablePartitionDiscovery": false
							},
							"formatSettings": {
								"type": "BinaryReadSettings"
							}
						}
					},
					{
						"name": "FilterFiles",
						"description": "Call the azure function with list of files to pattern match and find triplets and copy it across.",
						"type": "AzureFunctionActivity",
						"dependsOn": [
							{
								"activity": "ListFilesOnSource",
								"dependencyConditions": [
									"Succeeded"
								]
							}
						],
						"policy": {
							"timeout": "7.00:00:00",
							"retry": 0,
							"retryIntervalInSeconds": 30,
							"secureOutput": false,
							"secureInput": false
						},
						"userProperties": [],
						"typeProperties": {
							"functionName": "filter_files",
							"method": "POST",
							"body": {
								"value": "{\n    \"oDate\": \"@{pipeline().parameters.oDate}\",\n    \"fileList\": \"@{variables('SourceFileList')}\",\n    \"filePattern\": \"@{pipeline().parameters.filePattern}\",\n    \"compression\": @{pipeline().parameters.compression},\n    \"fileExtensions\": @{pipeline().parameters.fileExtensions},\n    \"taskRunId\": @{pipeline().parameters.taskRunId},\n    \"jobRunId\": @{pipeline().parameters.jobRunId}\n}",
								"type": "Expression"
							}
						},
						"linkedServiceName": {
							"referenceName": "LinkedService_AFA",
							"type": "LinkedServiceReference"
						}
					},
					{
						"name": "Transfer Data",
						"type": "Copy",
						"dependsOn": [],
						"policy": {
							"timeout": "7.00:00:00",
							"retry": 0,
							"retryIntervalInSeconds": 30,
							"secureOutput": false,
							"secureInput": false
						},
						"userProperties": [],
						"typeProperties": {
							"source": {
								"type": "BinarySource",
								"storeSettings": {
									"type": "AzureBlobFSReadSettings",
									"fileListPath": {
										"value": "@pipeline().parameters.fileList",
										"type": "Expression"
									},
									"deleteFilesAfterCompletion": false
								},
								"formatSettings": {
									"type": "BinaryReadSettings"
								}
							},
							"sink": {
								"type": "BinarySink",
								"storeSettings": {
									"type": "AzureBlobFSWriteSettings"
								}
							},
							"enableStaging": false
						},
						"inputs": [
							{
								"referenceName": "SourceDataSet",
								"type": "DatasetReference",
								"parameters": {
									"Container": {
										"value": "@pipeline().parameters.sourceSystem",
										"type": "Expression"
									},
									"Path": {
										"value": "@pipeline().parameters.sourcePath",
										"type": "Expression"
									}
								}
							}
						],
						"outputs": [
							{
								"referenceName": "TargetDataSet",
								"type": "DatasetReference",
								"parameters": {
									"Container": {
										"value": "@pipeline().parameters.sourceSystem",
										"type": "Expression"
									},
									"Path": {
										"value": "@pipeline().parameters.destinationPath",
										"type": "Expression"
									}
								}
							}
						]
					},
					{
						"name": "UpdateRunning",
						"type": "AzureFunctionActivity",
						"dependsOn": [
							{
								"activity": "SetTaskPipelineRunId",
								"dependencyConditions": [
									"Succeeded"
								]
							}
						],
						"policy": {
							"timeout": "7.00:00:00",
							"retry": 0,
							"retryIntervalInSeconds": 30,
							"secureOutput": false,
							"secureInput": false
						},
						"userProperties": [],
						"typeProperties": {
							"functionName": "update_task_status",
							"method": "POST",
							"body": {
								"value": "{\n    \"status\": \"running\",\n    \"taskRunId\": @{pipeline().parameters.taskRunId},\n    \"taskRunUuid\": \"@{variables('TaskRunUuid')}\"\n}",
								"type": "Expression"
							}
						},
						"linkedServiceName": {
							"referenceName": "LinkedService_AFA",
							"type": "LinkedServiceReference"
						}
					},
					{
						"name": "SetTaskPipelineRunId",
						"type": "SetVariable",
						"dependsOn": [],
						"userProperties": [],
						"typeProperties": {
							"variableName": "TaskRunUuid",
							"value": {
								"value": "@pipeline().RunId",
								"type": "Expression"
							}
						}
					},
					{
						"name": "ListFilesOnSource",
						"type": "Switch",
						"dependsOn": [
							{
								"activity": "UpdateRunning",
								"dependencyConditions": [
									"Succeeded"
								]
							}
						],
						"userProperties": [],
						"typeProperties": {
							"on": {
								"value": "@pipeline().parameters.source",
								"type": "Expression"
							},
							"cases": [
								{
									"value": "CSA",
									"activities": [
										{
											"name": "ListFilesOnCSA",
											"type": "GetMetadata",
											"dependsOn": [],
											"policy": {
												"timeout": "7.00:00:00",
												"retry": 0,
												"retryIntervalInSeconds": 30,
												"secureOutput": false,
												"secureInput": false
											},
											"userProperties": [],
											"typeProperties": {
												"dataset": {
													"referenceName": "CSADataSetInbound",
													"type": "DatasetReference",
													"parameters": {
														"sourcePath": {
															"value": "@pipeline().parameters.sourcePath",
															"type": "Expression"
														}
													}
												},
												"fieldList": [
													"itemName",
													"childItems"
												],
												"storeSettings": {
													"type": "SftpReadSettings",
													"recursive": true,
													"enablePartitionDiscovery": false
												},
												"formatSettings": {
													"type": "BinaryReadSettings"
												}
											}
										},
										{
											"name": "SetCSAFileList",
											"type": "SetVariable",
											"dependsOn": [
												{
													"activity": "ListFilesOnCSA",
													"dependencyConditions": [
														"Succeeded"
													]
												}
											],
											"userProperties": [],
											"typeProperties": {
												"variableName": "SourceFileList",
												"value": {
													"value": "@activity('ListFilesOnCSA').output.childItems",
													"type": "Expression"
												}
											}
										}
									]
								},
								{
									"value": "ADLS",
									"activities": [
										{
											"name": "ListFilesOnADLS",
											"type": "GetMetadata",
											"dependsOn": [],
											"policy": {
												"timeout": "7.00:00:00",
												"retry": 0,
												"retryIntervalInSeconds": 30,
												"secureOutput": false,
												"secureInput": false
											},
											"userProperties": [],
											"typeProperties": {
												"dataset": {
													"referenceName": "ListSourceDirectoryAdls",
													"type": "DatasetReference",
													"parameters": {
														"ContainerName": {
															"value": "@pipeline().parameters.sourceSystem",
															"type": "Expression"
														},
														"Path": {
															"value": "@pipeline().parameters.sourcePath",
															"type": "Expression"
														}
													}
												},
												"fieldList": [
													"itemName",
													"childItems"
												],
												"storeSettings": {
													"type": "AzureBlobFSReadSettings",
													"recursive": true,
													"enablePartitionDiscovery": false
												},
												"formatSettings": {
													"type": "BinaryReadSettings"
												}
											}
										},
										{
											"name": "SetADLSFileList",
											"type": "SetVariable",
											"dependsOn": [
												{
													"activity": "ListFilesOnADLS",
													"dependencyConditions": [
														"Succeeded"
													]
												}
											],
											"userProperties": [],
											"typeProperties": {
												"variableName": "SourceFileList",
												"value": {
													"value": "@activity('ListFilesOnADLS').output.childItems",
													"type": "Expression"
												}
											}
										}
									]
								},
								{
									"value": "SFX",
									"activities": [
										{
											"name": "ActivityPlaceHolder",
											"type": "SetVariable",
											"dependsOn": [],
											"userProperties": [],
											"typeProperties": {
												"variableName": "TaskRunUuid",
												"value": "BLAH"
											}
										}
									]
								}
							]
						}
					},
					{
						"name": "TransferFiles",
						"type": "Switch",
						"dependsOn": [
							{
								"activity": "FilterFiles",
								"dependencyConditions": [
									"Succeeded"
								]
							}
						],
						"userProperties": [],
						"typeProperties": {
							"on": {
								"value": "@{pipeline().parameters.source}to@{pipeline().parameters.destination}",
								"type": "Expression"
							},
							"cases": [
								{
									"value": "CSAtoADLS",
									"activities": [
										{
											"name": "ActivityPlaceHolder2",
											"type": "SetVariable",
											"dependsOn": [],
											"userProperties": [],
											"typeProperties": {
												"variableName": "TaskRunUuid",
												"value": "BLAH"
											}
										}
									]
								},
								{
									"value": "ADLStoADLS",
									"activities": [
										{
											"name": "TransferADLStoADLS",
											"type": "Copy",
											"dependsOn": [],
											"policy": {
												"timeout": "7.00:00:00",
												"retry": 0,
												"retryIntervalInSeconds": 30,
												"secureOutput": false,
												"secureInput": false
											},
											"userProperties": [],
											"typeProperties": {
												"source": {
													"type": "BinarySource",
													"storeSettings": {
														"type": "AzureBlobFSReadSettings",
														"fileListPath": {
															"value": "@pipeline().parameters.fileList",
															"type": "Expression"
														},
														"deleteFilesAfterCompletion": false
													},
													"formatSettings": {
														"type": "BinaryReadSettings"
													}
												},
												"sink": {
													"type": "BinarySink",
													"storeSettings": {
														"type": "AzureBlobFSWriteSettings"
													}
												},
												"enableStaging": false
											},
											"inputs": [
												{
													"referenceName": "SourceDataSet",
													"type": "DatasetReference",
													"parameters": {
														"Container": {
															"value": "@pipeline().parameters.sourceSystem",
															"type": "Expression"
														},
														"Path": {
															"value": "@pipeline().parameters.sourcePath",
															"type": "Expression"
														}
													}
												}
											],
											"outputs": [
												{
													"referenceName": "TargetDataSet",
													"type": "DatasetReference",
													"parameters": {
														"Container": {
															"value": "@pipeline().parameters.sourceSystem",
															"type": "Expression"
														},
														"Path": {
															"value": "@pipeline().parameters.destinationPath",
															"type": "Expression"
														}
													}
												}
											]
										}
									]
								}
							]
						}
					}
				],
				"parameters": {
					"filePattern": {
						"type": "string"
					},
					"taskRunId": {
						"type": "string"
					},
					"jobRunId": {
						"type": "string"
					},
					"oDate": {
						"type": "string"
					},
					"fileExtensions": {
						"type": "array"
					},
					"compression": {
						"type": "bool",
						"defaultValue": false
					},
					"sourceSystem": {
						"type": "string"
					},
					"sourcePath": {
						"type": "string"
					},
					"destinationPath": {
						"type": "string"
					},
					"fileList": {
						"type": "string"
					},
					"source": {
						"type": "string"
					},
					"destination": {
						"type": "string"
					}
				},
				"variables": {
					"TaskRunUuid": {
						"type": "String"
					},
					"SourceFileList": {
						"type": "Array"
					}
				},
				"folder": {
					"name": "Datacore-Framework-Pipelines"
				},
				"annotations": []
			},
			"dependsOn": []
		},
		{
			"name": "[concat(parameters('factoryName'), '/main')]",
			"type": "Microsoft.DataFactory/factories/pipelines",
			"apiVersion": "2018-06-01",
			"properties": {
				"description": "This is the main pipeline called by the runjob function upon each job trigger",
				"activities": [
					{
						"name": "LoopThroughJobTasks",
						"description": "This activity takes the list of tasks from given job.json and processes them in sequence",
						"type": "ForEach",
						"dependsOn": [],
						"userProperties": [],
						"typeProperties": {
							"items": {
								"value": "@pipeline().parameters.tasks",
								"type": "Expression"
							},
							"isSequential": true,
							"activities": [
								{
									"name": "ExecuteCurrentTaskPipeline",
									"description": "The tasks match the current task to its pipeline and passes on the incoming parameters",
									"type": "Switch",
									"dependsOn": [],
									"userProperties": [],
									"typeProperties": {
										"on": {
											"value": "@item().pipelineName",
											"type": "Expression"
										},
										"cases": [
											{
												"value": "CopyFromSource",
												"activities": [
													{
														"name": "ExecuteCopyFromSourcePipeline",
														"description": "This activity calls the task pipeline matching the input task name",
														"type": "ExecutePipeline",
														"dependsOn": [],
														"userProperties": [],
														"typeProperties": {
															"pipeline": {
																"referenceName": "CopyFromSource",
																"type": "PipelineReference"
															},
															"waitOnCompletion": true,
															"parameters": {
																"filePattern": {
																	"value": "@item().parameters.filePattern",
																	"type": "Expression"
																},
																"taskRunId": {
																	"value": "@item().taskRunId",
																	"type": "Expression"
																},
																"jobRunId": {
																	"value": "@pipeline().parameters.jobRunId",
																	"type": "Expression"
																},
																"oDate": {
																	"value": "@pipeline().parameters.oDate",
																	"type": "Expression"
																},
																"fileExtensions": {
																	"value": "@item().parameters.fileExtensions",
																	"type": "Expression"
																},
																"compression": {
																	"value": "@item().parameters.compression",
																	"type": "Expression"
																},
																"sourceSystem": {
																	"value": "@pipeline().parameters.sourceSystem",
																	"type": "Expression"
																},
																"sourcePath": {
																	"value": "@item().parameters.sourcePath",
																	"type": "Expression"
																},
																"destinationPath": {
																	"value": "@item().parameters.destinationPath",
																	"type": "Expression"
																},
																"fileList": {
																	"value": "x_y.txt",
																	"type": "Expression"
																},
																"source": {
																	"value": "@item().parameters.source",
																	"type": "Expression"
																},
																"destination": {
																	"value": "@item().parameters.destination",
																	"type": "Expression"
																}
															}
														}
													},
													{
														"name": "UpdateTaskStatusCompleted",
														"type": "AzureFunctionActivity",
														"dependsOn": [
															{
																"activity": "ExecuteCopyFromSourcePipeline",
																"dependencyConditions": [
																	"Succeeded"
																]
															}
														],
														"policy": {
															"timeout": "7.00:00:00",
															"retry": 0,
															"retryIntervalInSeconds": 30,
															"secureOutput": false,
															"secureInput": false
														},
														"userProperties": [],
														"typeProperties": {
															"functionName": "update_task_status",
															"method": "POST",
															"body": {
																"value": "{\n    \"status\": \"completed\",\n    \"taskRunId\": @{item().taskRunId},\n    \"taskRunUuid\": \"@{activity('ExecuteCopyFromSourcePipeline').output.pipelineRunId}\"\n}",
																"type": "Expression"
															}
														},
														"linkedServiceName": {
															"referenceName": "LinkedService_AFA",
															"type": "LinkedServiceReference"
														}
													},
													{
														"name": "UpdateTaskStatusFailed",
														"type": "AzureFunctionActivity",
														"dependsOn": [
															{
																"activity": "ExecuteCopyFromSourcePipeline",
																"dependencyConditions": [
																	"Failed"
																]
															}
														],
														"policy": {
															"timeout": "7.00:00:00",
															"retry": 0,
															"retryIntervalInSeconds": 30,
															"secureOutput": false,
															"secureInput": false
														},
														"userProperties": [],
														"typeProperties": {
															"functionName": "update_task_status",
															"method": "POST",
															"body": {
																"value": "{\n    \"status\": \"failed\",\n    \"taskRunId\": @{item().taskRunId},\n    \"taskRunUuid\": \"@{activity('ExecuteCopyFromSourcePipeline').output.pipelineRunId}\"\n}",
																"type": "Expression"
															}
														},
														"linkedServiceName": {
															"referenceName": "LinkedService_AFA",
															"type": "LinkedServiceReference"
														}
													},
													{
														"name": "CancelJob",
														"type": "AzureFunctionActivity",
														"dependsOn": [
															{
																"activity": "UpdateTaskStatusFailed",
																"dependencyConditions": [
																	"Succeeded"
																]
															}
														],
														"policy": {
															"timeout": "7.00:00:00",
															"retry": 0,
															"retryIntervalInSeconds": 30,
															"secureOutput": false,
															"secureInput": false
														},
														"userProperties": [],
														"typeProperties": {
															"functionName": "cancel_job_run",
															"method": "POST",
															"body": {
																"value": "{\n   \"taskRunId\": @{item().taskRunId}\n}",
																"type": "Expression"
															}
														},
														"linkedServiceName": {
															"referenceName": "LinkedService_AFA",
															"type": "LinkedServiceReference"
														}
													}
												]
											},
											{
												"value": "TaskNotScheduled",
												"activities": [
													{
														"name": "ExecuteTaskNotScheduledPipeline",
														"type": "ExecutePipeline",
														"dependsOn": [],
														"userProperties": [],
														"typeProperties": {
															"pipeline": {
																"referenceName": "DumbPipeline",
																"type": "PipelineReference"
															},
															"waitOnCompletion": true
														}
													}
												]
											}
										]
									}
								}
							]
						}
					},
					{
						"name": "UpdateJobStatus",
						"type": "AzureFunctionActivity",
						"dependsOn": [
							{
								"activity": "LoopThroughJobTasks",
								"dependencyConditions": [
									"Succeeded"
								]
							}
						],
						"policy": {
							"timeout": "7.00:00:00",
							"retry": 0,
							"retryIntervalInSeconds": 30,
							"secureOutput": false,
							"secureInput": false
						},
						"userProperties": [],
						"typeProperties": {
							"functionName": "update_job_status",
							"method": "POST",
							"body": {
								"value": "{\n    \"status\": \"running\",\n    \"jobRunId\": @{pipeline().parameters.jobRunId},\n    \"jobRunUuid\": @{pipeline().RunId}\n}\n\n",
								"type": "Expression"
							}
						},
						"linkedServiceName": {
							"referenceName": "LinkedService_AFA",
							"type": "LinkedServiceReference"
						}
					}
				],
				"concurrency": 10,
				"parameters": {
					"tasks": {
						"type": "array"
					},
					"jobRunId": {
						"type": "int"
					},
					"oDate": {
						"type": "string"
					},
					"sourceSystem": {
						"type": "string"
					},
					"tableName": {
						"type": "string"
					}
				},
				"folder": {
					"name": "Datacore-Framework-Pipelines"
				},
				"annotations": []
			},
			"dependsOn": [
				"[concat(variables('factoryId'), '/pipelines/CopyFromSource')]"
			]
		}
	]
}