{
	"$schema": "http://schema.management.azure.com/schemas/2015-01-01/deploymentTemplate.json#",
	"contentVersion": "1.0.0.0",
	"parameters": {
		"factoryName": {
			"type": "string",
			"metadata": "Data Factory name",
			"defaultValue": "tcp-azu0014-ae-adf-datacore-ipnd-nprod"
		}
	},
	"variables": {
		"factoryId": "[concat('Microsoft.DataFactory/factories/', parameters('factoryName'))]"
	},
	"resources": [
		{
			"name": "[concat(parameters('factoryName'), '/AzureDatabricks1')]",
			"type": "Microsoft.DataFactory/factories/linkedServices",
			"apiVersion": "2018-06-01",
			"properties": {
				"annotations": [],
				"type": "AzureDatabricks",
				"typeProperties": {
					"domain": "https://adb-8624856902825704.4.azuredatabricks.net",
					"authentication": "MSI",
					"workspaceResourceId": "/subscriptions/11603bb0-347b-4c4d-938e-7e1d33f15596/resourceGroups/tcp-azu0014-ae-rg-ipnd-dev/providers/Microsoft.Databricks/workspaces/tcp-azu0014-ae-adb-datacore-ipnd-nprod",
					"existingClusterId": "@activity('getDBCluster').output.clusterId"
				}
			},
			"dependsOn": []
		},
		{
			"name": "[concat(parameters('factoryName'), '/LinkedService_DC_Framework')]",
			"type": "Microsoft.DataFactory/factories/linkedServices",
			"apiVersion": "2018-06-01",
			"properties": {
				"annotations": [],
				"type": "AzureBlobFS",
				"typeProperties": {
					"url": "https://tcp0014vsdatacoreipndnpd.dfs.core.windows.net"
				}
			},
			"dependsOn": []
		}
	]
}