{
	"$schema": "http://schema.management.azure.com/schemas/2015-01-01/deploymentTemplate.json#",
	"contentVersion": "1.0.0.0",
	"parameters": {
		"factoryName": {
			"type": "string",
			"metadata": "Data Factory name",
			"defaultValue": "tcp-azu0014-ae-adf-datacore-ipnd-nprod"
		}
	},
	"variables": {
		"factoryId": "[concat('Microsoft.DataFactory/factories/', parameters('factoryName'))]"
	},
	"resources": [
		{
			"name": "[concat(parameters('factoryName'), '/InvokeJARSparkApp')]",
			"type": "Microsoft.DataFactory/factories/pipelines",
			"apiVersion": "2018-06-01",
			"properties": {
				"activities": [
					{
						"name": "getDBCluster",
						"type": "AzureFunctionActivity",
						"dependsOn": [],
						"policy": {
							"timeout": "7.00:00:00",
							"retry": 0,
							"retryIntervalInSeconds": 30,
							"secureOutput": false,
							"secureInput": false
						},
						"userProperties": [],
						"typeProperties": {
							"functionName": "invoke_spark_jar_task",
							"method": "POST",
							"body": {
								"value": "{\"oDate\": \"@{pipeline().parameters.oDate}\", \"environment\" : \"@{pipeline().parameters.environment}\", \"jobRunId\": @{pipeline().parameters.jobRunId}, \"taskRunId\": @{pipeline().parameters.taskRunId}, \"name\": \"@{pipeline().parameters.taskName}\", \"mainClass\" : \"@{pipeline().parameters.mainClass}\"}",
								"type": "Expression"
							}
						},
						"linkedServiceName": {
							"referenceName": "LinkedService_AFA",
							"type": "LinkedServiceReference"
						}
					},
					{
						"name": "runJAR",
						"type": "DatabricksSparkJar",
						"dependsOn": [
							{
								"activity": "getDBCluster",
								"dependencyConditions": [
									"Succeeded"
								]
							}
						],
						"policy": {
							"timeout": "7.00:00:00",
							"retry": 0,
							"retryIntervalInSeconds": 30,
							"secureOutput": false,
							"secureInput": false
						},
						"userProperties": [],
						"typeProperties": {
							"mainClassName": {
								"value": "com.telstra.datacore.apps.@{pipeline().parameters.mainClass}",
								"type": "Expression"
							},
							"parameters": [
								"@activity('getDBCluster').output.schemaPath",
								"@{activity('getDBCluster').output.jobName}",
								"@{activity('getDBCluster').output.jobRunId}",
								"@{activity('getDBCluster').output.taskRunId}",
								"@{activity('getDBCluster').output.oDate}",
								"@{activity('getDBCluster').output.environment}"
							],
							"libraries": [
								{
									"jar": "@activity('getDBCluster').output.executablePath"
								}
							]
						},
						"linkedServiceName": {
							"referenceName": "LinkedService_Databricks",
							"type": "LinkedServiceReference"
						}
					}
				],
				"parameters": {
					"jobRunId": {
						"type": "string"
					},
					"oDate": {
						"type": "string"
					},
					"environment": {
						"type": "string"
					},
					"taskName": {
						"type": "string"
					},
					"taskRunId": {
						"type": "string"
					},
					"mainClass": {
						"type": "string"
					}
				},
				"folder": {
					"name": "DatacoreTaskPipelines/Common"
				},
				"annotations": []
			},
			"dependsOn": [
				"[concat(variables('factoryId'), '/linkedServices/LinkedService_Databricks')]"
			]
		},
		{
			"name": "[concat(parameters('factoryName'), '/InvokePYSparkApp')]",
			"type": "Microsoft.DataFactory/factories/pipelines",
			"apiVersion": "2018-06-01",
			"properties": {
				"activities": [
					{
						"name": "getDBCluster",
						"type": "AzureFunctionActivity",
						"dependsOn": [],
						"policy": {
							"timeout": "7.00:00:00",
							"retry": 0,
							"retryIntervalInSeconds": 30,
							"secureOutput": false,
							"secureInput": false
						},
						"userProperties": [],
						"typeProperties": {
							"functionName": "invoke_spark_jar_task",
							"method": "POST",
							"body": {
								"value": "{\"oDate\": \"@{pipeline().parameters.oDate}\", \"environment\" : \"@{pipeline().parameters.environment}\", \"jobRunId\": @{pipeline().parameters.jobRunId}, \"taskRunId\": @{pipeline().parameters.taskRunId}, \"name\": \"@{pipeline().parameters.taskName}\", \"mainClass\" : \"@{pipeline().parameters.mainClass}\"}",
								"type": "Expression"
							}
						},
						"linkedServiceName": {
							"referenceName": "LinkedService_AFA",
							"type": "LinkedServiceReference"
						}
					},
					{
						"name": "runPY",
						"type": "DatabricksSparkPython",
						"dependsOn": [
							{
								"activity": "getDBCluster",
								"dependencyConditions": [
									"Succeeded"
								]
							}
						],
						"policy": {
							"timeout": "7.00:00:00",
							"retry": 0,
							"retryIntervalInSeconds": 30,
							"secureOutput": false,
							"secureInput": false
						},
						"userProperties": [],
						"typeProperties": {
							"pythonFile": {
								"value": "@activity('getDBCluster').output.executablePath",
								"type": "Expression"
							},
							"parameters": [
								"/dbfs/FileStore/patterns/@{activity('getDBCluster').output.environment}/standardization_config.json",
								"@activity('getDBCluster').output.schemaPath",
								"@{activity('getDBCluster').output.oDate}",
								"@{activity('getDBCluster').output.taskRunId}",
								"@{activity('getDBCluster').output.environment}"
							],
							"libraries": [
								{
									"egg": "dbfs:/FileStore/patterns/@{activity('getDBCluster').output.environment}/datacore-patterns.zip"
								}
							]
						},
						"linkedServiceName": {
							"referenceName": "LinkedService_Databricks",
							"type": "LinkedServiceReference"
						}
					}
				],
				"parameters": {
					"jobRunId": {
						"type": "string"
					},
					"oDate": {
						"type": "string"
					},
					"environment": {
						"type": "string"
					},
					"taskName": {
						"type": "string"
					},
					"taskRunId": {
						"type": "string"
					},
					"mainClass": {
						"type": "string"
					}
				},
				"folder": {
					"name": "DatacoreTaskPipelines/Common"
				},
				"annotations": []
			},
			"dependsOn": [
				"[concat(variables('factoryId'), '/linkedServices/LinkedService_Databricks')]"
			]
		},
		{
			"name": "[concat(parameters('factoryName'), '/LinkedService_Databricks')]",
			"type": "Microsoft.DataFactory/factories/linkedServices",
			"apiVersion": "2018-06-01",
			"properties": {
				"annotations": [],
				"type": "AzureDatabricks",
				"typeProperties": {
					"domain": "https://adb-8624856902825704.4.azuredatabricks.net",
					"authentication": "MSI",
					"workspaceResourceId": "/subscriptions/11603bb0-347b-4c4d-938e-7e1d33f15596/resourceGroups/tcp-azu0014-ae-rg-ipnd-dev/providers/Microsoft.Databricks/workspaces/tcp-azu0014-ae-adb-datacore-ipnd-nprod",
					"existingClusterId": "@activity('getDBCluster').output.clusterId"
				},
				"connectVia": {
					"referenceName": "datacore-ipnd-shir",
					"type": "IntegrationRuntimeReference"
				}
			},
			"dependsOn": []
		}
	]
}