{
	"$schema": "http://schema.management.azure.com/schemas/2015-01-01/deploymentTemplate.json#",
	"contentVersion": "1.0.0.0",
	"parameters": {
		"factoryName": {
			"type": "string",
			"metadata": "Data Factory name",
			"defaultValue": "tcp-azu0014-ae-adf-datacore-ipnd-nprod"
		}
	},
	"variables": {
		"factoryId": "[concat('Microsoft.DataFactory/factories/', parameters('factoryName'))]"
	},
	"resources": [
		{
			"name": "[concat(parameters('factoryName'), '/CopyFromSource')]",
			"type": "Microsoft.DataFactory/factories/pipelines",
			"apiVersion": "2018-06-01",
			"properties": {
				"activities": [
					{
						"name": "FilterFiles",
						"description": "Call the azure function with list of files to pattern match and find triplets and copy it across.",
						"type": "AzureFunctionActivity",
						"dependsOn": [
							{
								"activity": "SetSourceListFileNames",
								"dependencyConditions": [
									"Succeeded"
								]
							}
						],
						"policy": {
							"timeout": "7.00:00:00",
							"retry": 0,
							"retryIntervalInSeconds": 30,
							"secureOutput": false,
							"secureInput": false
						},
						"userProperties": [],
						"typeProperties": {
							"functionName": "filter_files",
							"method": "POST",
							"body": {
								"value": "{\n    \"oDate\": \"@{pipeline().parameters.oDate}\",\n    \"fileList\": @{variables('SourceFileListNames')},\n    \"filePattern\": \"@{pipeline().parameters.filePattern}\",\n    \"compression\": @{if(pipeline().parameters.compression,'true', 'false')},\n    \"fileExtensions\": @{pipeline().parameters.fileExtensions},\n    \"taskRunId\": @{pipeline().parameters.taskRunId},\n    \"jobRunId\": @{pipeline().parameters.jobRunId}\n}",
								"type": "Expression"
							}
						},
						"linkedServiceName": {
							"referenceName": "LinkedService_AFA",
							"type": "LinkedServiceReference"
						}
					},
					{
						"name": "UpdateTaskStatusToRunning",
						"type": "AzureFunctionActivity",
						"dependsOn": [
							{
								"activity": "SetTaskPipelineRunId",
								"dependencyConditions": [
									"Succeeded"
								]
							}
						],
						"policy": {
							"timeout": "7.00:00:00",
							"retry": 0,
							"retryIntervalInSeconds": 30,
							"secureOutput": false,
							"secureInput": false
						},
						"userProperties": [],
						"typeProperties": {
							"functionName": "update_task_status",
							"method": "POST",
							"body": {
								"value": "{\n    \"status\": \"running\",\n    \"taskRunId\": @{pipeline().parameters.taskRunId},\n    \"taskRunUuid\": \"@{variables('TaskRunUuid')}\"\n}",
								"type": "Expression"
							}
						},
						"linkedServiceName": {
							"referenceName": "LinkedService_AFA",
							"type": "LinkedServiceReference"
						}
					},
					{
						"name": "SetTaskPipelineRunId",
						"type": "SetVariable",
						"dependsOn": [],
						"userProperties": [],
						"typeProperties": {
							"variableName": "TaskRunUuid",
							"value": {
								"value": "@pipeline().RunId",
								"type": "Expression"
							}
						}
					},
					{
						"name": "ListFilesFromSource",
						"type": "Switch",
						"dependsOn": [
							{
								"activity": "UpdateTaskStatusToRunning",
								"dependencyConditions": [
									"Succeeded"
								]
							}
						],
						"userProperties": [],
						"typeProperties": {
							"on": {
								"value": "@pipeline().parameters.sourceFileSystem",
								"type": "Expression"
							},
							"cases": [
								{
									"value": "CSA",
									"activities": [
										{
											"name": "ListFilesFromCSA",
											"type": "GetMetadata",
											"dependsOn": [],
											"policy": {
												"timeout": "7.00:00:00",
												"retry": 0,
												"retryIntervalInSeconds": 30,
												"secureOutput": false,
												"secureInput": false
											},
											"userProperties": [],
											"typeProperties": {
												"dataset": {
													"referenceName": "CSADataSetInbound",
													"type": "DatasetReference",
													"parameters": {
														"sourcePath": {
															"value": "@pipeline().parameters.sourcePath",
															"type": "Expression"
														}
													}
												},
												"fieldList": [
													"itemName",
													"childItems"
												],
												"storeSettings": {
													"type": "SftpReadSettings",
													"recursive": true,
													"enablePartitionDiscovery": false
												},
												"formatSettings": {
													"type": "BinaryReadSettings"
												}
											}
										},
										{
											"name": "SetCSAFileList",
											"type": "SetVariable",
											"dependsOn": [
												{
													"activity": "ListFilesFromCSA",
													"dependencyConditions": [
														"Succeeded"
													]
												}
											],
											"userProperties": [],
											"typeProperties": {
												"variableName": "SourceFileList",
												"value": {
													"value": "@activity('ListFilesFromCSA').output.childItems",
													"type": "Expression"
												}
											}
										}
									]
								},
								{
									"value": "ADLS",
									"activities": [
										{
											"name": "ListFilesOnADLS",
											"type": "GetMetadata",
											"dependsOn": [],
											"policy": {
												"timeout": "7.00:00:00",
												"retry": 0,
												"retryIntervalInSeconds": 30,
												"secureOutput": false,
												"secureInput": false
											},
											"userProperties": [],
											"typeProperties": {
												"dataset": {
													"referenceName": "SourceDataSet",
													"type": "DatasetReference",
													"parameters": {
														"Container": "datacore",
														"Path": {
															"value": "@pipeline().parameters.sourcePath",
															"type": "Expression"
														}
													}
												},
												"fieldList": [
													"itemName",
													"childItems"
												],
												"storeSettings": {
													"type": "AzureBlobFSReadSettings",
													"recursive": true,
													"enablePartitionDiscovery": false
												},
												"formatSettings": {
													"type": "BinaryReadSettings"
												}
											}
										},
										{
											"name": "SetADLSFileList",
											"type": "SetVariable",
											"dependsOn": [
												{
													"activity": "ListFilesOnADLS",
													"dependencyConditions": [
														"Succeeded"
													]
												}
											],
											"userProperties": [],
											"typeProperties": {
												"variableName": "SourceFileList",
												"value": {
													"value": "@activity('ListFilesOnADLS').output.childItems",
													"type": "Expression"
												}
											}
										}
									]
								},
								{
									"value": "SFX",
									"activities": [
										{
											"name": "ActivityPlaceHolder",
											"type": "SetVariable",
											"dependsOn": [],
											"userProperties": [],
											"typeProperties": {
												"variableName": "TaskRunUuid",
												"value": "BLAH"
											}
										}
									]
								}
							]
						}
					},
					{
						"name": "TransferFilesForEachFileNamePattern",
						"type": "ForEach",
						"dependsOn": [
							{
								"activity": "CreateFileRegistrationGroup",
								"dependencyConditions": [
									"Succeeded"
								]
							}
						],
						"userProperties": [],
						"typeProperties": {
							"items": {
								"value": "@activity('FilterFiles').output.filePatternList",
								"type": "Expression"
							},
							"isSequential": true,
							"activities": [
								{
									"name": "TransferFiles",
									"type": "Switch",
									"dependsOn": [],
									"userProperties": [],
									"typeProperties": {
										"on": {
											"value": "@{pipeline().parameters.sourceFileSystem}to@{pipeline().parameters.destinationFileSystem}",
											"type": "Expression"
										},
										"cases": [
											{
												"value": "CSAtoADLS",
												"activities": [
													{
														"name": "TransferCSAtoADLS",
														"type": "Copy",
														"dependsOn": [],
														"policy": {
															"timeout": "7.00:00:00",
															"retry": 0,
															"retryIntervalInSeconds": 30,
															"secureOutput": false,
															"secureInput": false
														},
														"userProperties": [],
														"typeProperties": {
															"source": {
																"type": "BinarySource",
																"storeSettings": {
																	"type": "SftpReadSettings",
																	"recursive": true,
																	"wildcardFolderPath": {
																		"value": "@pipeline().parameters.sourcePath",
																		"type": "Expression"
																	},
																	"wildcardFileName": {
																		"value": "@item()",
																		"type": "Expression"
																	},
																	"deleteFilesAfterCompletion": false
																},
																"formatSettings": {
																	"type": "BinaryReadSettings"
																}
															},
															"sink": {
																"type": "BinarySink",
																"storeSettings": {
																	"type": "AzureBlobFSWriteSettings",
																	"copyBehavior": "PreserveHierarchy"
																}
															},
															"enableStaging": false
														},
														"inputs": [
															{
																"referenceName": "CSADataSetInbound",
																"type": "DatasetReference",
																"parameters": {
																	"sourcePath": {
																		"value": "@pipeline().parameters.sourcePath",
																		"type": "Expression"
																	}
																}
															}
														],
														"outputs": [
															{
																"referenceName": "TargetDataSet",
																"type": "DatasetReference",
																"parameters": {
																	"Container": "datacore",
																	"Path": {
																		"value": "@pipeline().parameters.destinationPath",
																		"type": "Expression"
																	}
																}
															}
														]
													}
												]
											},
											{
												"value": "ADLStoADLS",
												"activities": [
													{
														"name": "TransferADLStoADLS",
														"type": "Copy",
														"dependsOn": [],
														"policy": {
															"timeout": "7.00:00:00",
															"retry": 0,
															"retryIntervalInSeconds": 30,
															"secureOutput": false,
															"secureInput": false
														},
														"userProperties": [],
														"typeProperties": {
															"source": {
																"type": "BinarySource",
																"storeSettings": {
																	"type": "AzureBlobFSReadSettings",
																	"recursive": true,
																	"wildcardFolderPath": {
																		"value": "@pipeline().parameters.sourcePath",
																		"type": "Expression"
																	},
																	"wildcardFileName": {
																		"value": "@item()",
																		"type": "Expression"
																	},
																	"deleteFilesAfterCompletion": false
																},
																"formatSettings": {
																	"type": "BinaryReadSettings"
																}
															},
															"sink": {
																"type": "BinarySink",
																"storeSettings": {
																	"type": "AzureBlobFSWriteSettings",
																	"copyBehavior": "PreserveHierarchy"
																}
															},
															"enableStaging": false
														},
														"inputs": [
															{
																"referenceName": "SourceDataSet",
																"type": "DatasetReference",
																"parameters": {
																	"Container": {
																		"value": "datacore",
																		"type": "Expression"
																	},
																	"Path": {
																		"value": "@pipeline().parameters.sourcePath",
																		"type": "Expression"
																	}
																}
															}
														],
														"outputs": [
															{
																"referenceName": "TargetDataSet",
																"type": "DatasetReference",
																"parameters": {
																	"Container": "datacore",
																	"Path": {
																		"value": "@pipeline().parameters.destinationPath",
																		"type": "Expression"
																	}
																}
															}
														]
													}
												]
											},
											{
												"value": "CSAtoCSA",
												"activities": [
													{
														"name": "TransferCSAtoCSA",
														"type": "Copy",
														"dependsOn": [],
														"policy": {
															"timeout": "7.00:00:00",
															"retry": 5,
															"retryIntervalInSeconds": 30,
															"secureOutput": false,
															"secureInput": false
														},
														"userProperties": [],
														"typeProperties": {
															"source": {
																"type": "BinarySource",
																"storeSettings": {
																	"type": "SftpReadSettings",
																	"recursive": true,
																	"wildcardFolderPath": {
																		"value": "@pipeline().parameters.sourcePath",
																		"type": "Expression"
																	},
																	"wildcardFileName": {
																		"value": "@item()",
																		"type": "Expression"
																	},
																	"deleteFilesAfterCompletion": false
																},
																"formatSettings": {
																	"type": "BinaryReadSettings"
																}
															},
															"sink": {
																"type": "BinarySink",
																"storeSettings": {
																	"type": "SftpWriteSettings",
																	"copyBehavior": "PreserveHierarchy",
																	"operationTimeout": "01:00:00",
																	"useTempFileRename": true
																}
															},
															"enableStaging": false
														},
														"inputs": [
															{
																"referenceName": "CSADataSetInbound",
																"type": "DatasetReference",
																"parameters": {
																	"sourcePath": {
																		"value": "@pipeline().parameters.sourcePath",
																		"type": "Expression"
																	}
																}
															}
														],
														"outputs": [
															{
																"referenceName": "CSADataSetOutbound",
																"type": "DatasetReference",
																"parameters": {
																	"destinationPath": {
																		"value": "@pipeline().parameters.destinationPath",
																		"type": "Expression"
																	}
																}
															}
														]
													}
												]
											}
										]
									}
								}
							]
						}
					},
					{
						"name": "ArchiveFilesForEachFileNamePattern",
						"type": "ForEach",
						"dependsOn": [
							{
								"activity": "TransferFilesForEachFileNamePattern",
								"dependencyConditions": [
									"Succeeded"
								]
							}
						],
						"userProperties": [],
						"typeProperties": {
							"items": {
								"value": "@activity('FilterFiles').output.filePatternList",
								"type": "Expression"
							},
							"isSequential": true,
							"activities": [
								{
									"name": "ArchiveFiles",
									"type": "Switch",
									"dependsOn": [],
									"userProperties": [],
									"typeProperties": {
										"on": {
											"value": "Archive@{pipeline().parameters.sourceFileSystem}to@{pipeline().parameters.archiveFileSystem}",
											"type": "Expression"
										},
										"cases": [
											{
												"value": "ArchiveCSAtoADLS",
												"activities": [
													{
														"name": "ArchiveCSAtoADLS",
														"type": "Copy",
														"dependsOn": [],
														"policy": {
															"timeout": "7.00:00:00",
															"retry": 0,
															"retryIntervalInSeconds": 30,
															"secureOutput": false,
															"secureInput": false
														},
														"userProperties": [],
														"typeProperties": {
															"source": {
																"type": "BinarySource",
																"storeSettings": {
																	"type": "SftpReadSettings",
																	"recursive": true,
																	"wildcardFolderPath": {
																		"value": "@pipeline().parameters.sourcePath",
																		"type": "Expression"
																	},
																	"wildcardFileName": {
																		"value": "@item()",
																		"type": "Expression"
																	},
																	"deleteFilesAfterCompletion": true
																},
																"formatSettings": {
																	"type": "BinaryReadSettings"
																}
															},
															"sink": {
																"type": "BinarySink",
																"storeSettings": {
																	"type": "AzureBlobFSWriteSettings",
																	"copyBehavior": "PreserveHierarchy"
																}
															},
															"enableStaging": false
														},
														"inputs": [
															{
																"referenceName": "CSADataSetInbound",
																"type": "DatasetReference",
																"parameters": {
																	"sourcePath": {
																		"value": "@pipeline().parameters.sourcePath",
																		"type": "Expression"
																	}
																}
															}
														],
														"outputs": [
															{
																"referenceName": "TargetDataSet",
																"type": "DatasetReference",
																"parameters": {
																	"Container": "datacore",
																	"Path": {
																		"value": "@pipeline().parameters.archivePath",
																		"type": "Expression"
																	}
																}
															}
														]
													}
												]
											},
											{
												"value": "ArchiveADLStoADLS",
												"activities": [
													{
														"name": "ArchiveADLStoADLS",
														"type": "Copy",
														"dependsOn": [],
														"policy": {
															"timeout": "7.00:00:00",
															"retry": 0,
															"retryIntervalInSeconds": 30,
															"secureOutput": false,
															"secureInput": false
														},
														"userProperties": [],
														"typeProperties": {
															"source": {
																"type": "BinarySource",
																"storeSettings": {
																	"type": "AzureBlobFSReadSettings",
																	"recursive": true,
																	"wildcardFolderPath": {
																		"value": "@pipeline().parameters.sourcePath",
																		"type": "Expression"
																	},
																	"wildcardFileName": {
																		"value": "@item()",
																		"type": "Expression"
																	},
																	"deleteFilesAfterCompletion": true
																},
																"formatSettings": {
																	"type": "BinaryReadSettings"
																}
															},
															"sink": {
																"type": "BinarySink",
																"storeSettings": {
																	"type": "AzureBlobFSWriteSettings",
																	"copyBehavior": "PreserveHierarchy"
																}
															},
															"enableStaging": false
														},
														"inputs": [
															{
																"referenceName": "SourceDataSet",
																"type": "DatasetReference",
																"parameters": {
																	"Container": {
																		"value": "datacore",
																		"type": "Expression"
																	},
																	"Path": {
																		"value": "@pipeline().parameters.sourcePath",
																		"type": "Expression"
																	}
																}
															}
														],
														"outputs": [
															{
																"referenceName": "TargetDataSet",
																"type": "DatasetReference",
																"parameters": {
																	"Container": "datacore",
																	"Path": {
																		"value": "@pipeline().parameters.archivePath",
																		"type": "Expression"
																	}
																}
															}
														]
													}
												]
											},
											{
												"value": "ArchiveCSAtoCSA",
												"activities": [
													{
														"name": "ArchiveCSAtoCSA",
														"type": "Copy",
														"dependsOn": [],
														"policy": {
															"timeout": "7.00:00:00",
															"retry": 5,
															"retryIntervalInSeconds": 30,
															"secureOutput": false,
															"secureInput": false
														},
														"userProperties": [],
														"typeProperties": {
															"source": {
																"type": "BinarySource",
																"storeSettings": {
																	"type": "SftpReadSettings",
																	"recursive": true,
																	"wildcardFolderPath": {
																		"value": "@pipeline().parameters.sourcePath",
																		"type": "Expression"
																	},
																	"wildcardFileName": {
																		"value": "@item()",
																		"type": "Expression"
																	},
																	"deleteFilesAfterCompletion": false
																},
																"formatSettings": {
																	"type": "BinaryReadSettings"
																}
															},
															"sink": {
																"type": "BinarySink",
																"storeSettings": {
																	"type": "SftpWriteSettings",
																	"copyBehavior": "PreserveHierarchy",
																	"operationTimeout": "01:00:00",
																	"useTempFileRename": true
																}
															},
															"enableStaging": false
														},
														"inputs": [
															{
																"referenceName": "CSADataSetInbound",
																"type": "DatasetReference",
																"parameters": {
																	"sourcePath": {
																		"value": "@pipeline().parameters.sourcePath",
																		"type": "Expression"
																	}
																}
															}
														],
														"outputs": [
															{
																"referenceName": "CSADataSetOutbound",
																"type": "DatasetReference",
																"parameters": {
																	"destinationPath": {
																		"value": "@pipeline().parameters.archivePath",
																		"type": "Expression"
																	}
																}
															}
														]
													}
												]
											}
										]
									}
								}
							]
						}
					},
					{
						"name": "CreateFileRegistrationGroup",
						"type": "AzureFunctionActivity",
						"dependsOn": [
							{
								"activity": "FilterFiles",
								"dependencyConditions": [
									"Succeeded"
								]
							}
						],
						"policy": {
							"timeout": "7.00:00:00",
							"retry": 0,
							"retryIntervalInSeconds": 30,
							"secureOutput": false,
							"secureInput": false
						},
						"userProperties": [],
						"typeProperties": {
							"functionName": "file_registrations",
							"method": "POST",
							"body": {
								"value": "{\n    \"taskRunId\": @{pipeline().parameters.taskRunId},\n    \"sourceFileSystem\":  \"@{pipeline().parameters.sourceFileSystem}\",\n    \"sourcePath\":  \"@{pipeline().parameters.sourcePath}\",\n    \"destinationFileSystem\":  \"@{pipeline().parameters.destinationFileSystem}\",\n    \"destinationPath\":  \"@{pipeline().parameters.destinationPath}\",\n    \"archiveFileSystem\":  \"@{pipeline().parameters.archiveFileSystem}\",\n    \"archivePath\":  \"@{pipeline().parameters.archivePath}\",\n    \"fileExtensions\": @{pipeline().parameters.fileExtensions}, \n    \"files\": []\n}",
								"type": "Expression"
							}
						},
						"linkedServiceName": {
							"referenceName": "LinkedService_AFA",
							"type": "LinkedServiceReference"
						}
					},
					{
						"name": "SetSourceListFileNames",
						"type": "ForEach",
						"dependsOn": [
							{
								"activity": "ListFilesFromSource",
								"dependencyConditions": [
									"Succeeded"
								]
							}
						],
						"userProperties": [],
						"typeProperties": {
							"items": {
								"value": "@variables('SourceFileList')",
								"type": "Expression"
							},
							"isSequential": true,
							"activities": [
								{
									"name": "AddToSourceListFileNames",
									"type": "AppendVariable",
									"dependsOn": [],
									"userProperties": [],
									"typeProperties": {
										"variableName": "SourceFileListNames",
										"value": {
											"value": "{\n  \"fileName\": \"@{item().name}\",\n  \"fileStatus\": \"registered\"\n}",
											"type": "Expression"
										}
									}
								}
							]
						}
					}
				],
				"parameters": {
					"filePattern": {
						"type": "string"
					},
					"taskRunId": {
						"type": "string"
					},
					"jobRunId": {
						"type": "string"
					},
					"oDate": {
						"type": "string"
					},
					"fileExtensions": {
						"type": "array"
					},
					"compression": {
						"type": "bool",
						"defaultValue": false
					},
					"sourceSystem": {
						"type": "string"
					},
					"sourcePath": {
						"type": "string"
					},
					"destinationPath": {
						"type": "string"
					},
					"sourceFileSystem": {
						"type": "string"
					},
					"destinationFileSystem": {
						"type": "string"
					},
					"archiveFileSystem": {
						"type": "string"
					},
					"archivePath": {
						"type": "string"
					}
				},
				"variables": {
					"TaskRunUuid": {
						"type": "String"
					},
					"SourceFileList": {
						"type": "Array"
					},
					"FileListFilePath": {
						"type": "String"
					},
					"SourceFileListNames": {
						"type": "Array"
					}
				},
				"folder": {
					"name": "Datacore-Framework-Pipelines"
				},
				"annotations": []
			},
			"dependsOn": []
		}
	]
}