{
	"$schema": "http://schema.management.azure.com/schemas/2015-01-01/deploymentTemplate.json#",
	"contentVersion": "1.0.0.0",
	"parameters": {
		"factoryName": {
			"type": "string",
			"metadata": "Data Factory name",
			"defaultValue": "tcp-azu0014-ae-adf-datacore-ipnd-nprod"
		}
	},
	"variables": {
		"factoryId": "[concat('Microsoft.DataFactory/factories/', parameters('factoryName'))]"
	},
	"resources": [
		{
			"name": "[concat(parameters('factoryName'), '/CopyData')]",
			"type": "Microsoft.DataFactory/factories/pipelines",
			"apiVersion": "2018-06-01",
			"properties": {
				"activities": [
					{
						"name": "FilterFiles",
						"description": "Call the azure function with list of files to pattern match and find triplets and copy it across.",
						"type": "AzureFunctionActivity",
						"dependsOn": [
							{
								"activity": "SetSourceFileListNames",
								"dependencyConditions": [
									"Succeeded"
								]
							}
						],
						"policy": {
							"timeout": "7.00:00:00",
							"retry": 0,
							"retryIntervalInSeconds": 30,
							"secureOutput": false,
							"secureInput": false
						},
						"userProperties": [],
						"typeProperties": {
							"functionName": "filter_files",
							"method": "POST",
							"body": {
								"value": "{\n    \"oDate\": \"@{pipeline().parameters.oDate}\",\n    \"fileList\": @{variables('SourceFileListNames')},\n    \"filePattern\": \"@{pipeline().parameters.filePattern}\",\n    \"compression\": @{if(pipeline().parameters.compression,'true', 'false')},\n    \"fileExtensions\": @{pipeline().parameters.fileExtensions},\n    \"taskRunId\": @{pipeline().parameters.taskRunId},\n    \"jobRunId\": @{pipeline().parameters.jobRunId}\n}",
								"type": "Expression"
							}
						},
						"linkedServiceName": {
							"referenceName": "LinkedService_AFA",
							"type": "LinkedServiceReference"
						}
					},
					{
						"name": "UpdateTaskStatusToRunning",
						"type": "AzureFunctionActivity",
						"dependsOn": [
							{
								"activity": "SetTaskPipelineRunId",
								"dependencyConditions": [
									"Succeeded"
								]
							}
						],
						"policy": {
							"timeout": "7.00:00:00",
							"retry": 0,
							"retryIntervalInSeconds": 30,
							"secureOutput": false,
							"secureInput": false
						},
						"userProperties": [],
						"typeProperties": {
							"functionName": "update_task_status",
							"method": "POST",
							"body": {
								"value": "{\n    \"status\": \"running\",\n    \"taskRunId\": @{pipeline().parameters.taskRunId},\n    \"taskRunUuid\": \"@{variables('TaskRunUuid')}\"\n}",
								"type": "Expression"
							}
						},
						"linkedServiceName": {
							"referenceName": "LinkedService_AFA",
							"type": "LinkedServiceReference"
						}
					},
					{
						"name": "SetTaskPipelineRunId",
						"type": "SetVariable",
						"dependsOn": [],
						"userProperties": [],
						"typeProperties": {
							"variableName": "TaskRunUuid",
							"value": {
								"value": "@pipeline().RunId",
								"type": "Expression"
							}
						}
					},
					{
						"name": "ListFilesFromSource",
						"type": "Switch",
						"dependsOn": [
							{
								"activity": "UpdateTaskStatusToRunning",
								"dependencyConditions": [
									"Succeeded"
								]
							}
						],
						"userProperties": [],
						"typeProperties": {
							"on": {
								"value": "@pipeline().parameters.source",
								"type": "Expression"
							},
							"cases": [
								{
									"value": "CSA",
									"activities": [
										{
											"name": "ListFilesFromCSA",
											"type": "GetMetadata",
											"dependsOn": [],
											"policy": {
												"timeout": "7.00:00:00",
												"retry": 0,
												"retryIntervalInSeconds": 30,
												"secureOutput": false,
												"secureInput": false
											},
											"userProperties": [],
											"typeProperties": {
												"dataset": {
													"referenceName": "CSADataSetInbound",
													"type": "DatasetReference",
													"parameters": {
														"sourcePath": {
															"value": "@pipeline().parameters.sourcePath",
															"type": "Expression"
														}
													}
												},
												"fieldList": [
													"itemName",
													"childItems"
												],
												"storeSettings": {
													"type": "SftpReadSettings",
													"recursive": true,
													"enablePartitionDiscovery": false
												},
												"formatSettings": {
													"type": "BinaryReadSettings"
												}
											}
										},
										{
											"name": "SetCSAFileList",
											"type": "SetVariable",
											"dependsOn": [
												{
													"activity": "ListFilesFromCSA",
													"dependencyConditions": [
														"Succeeded"
													]
												}
											],
											"userProperties": [],
											"typeProperties": {
												"variableName": "SourceFileList",
												"value": {
													"value": "@activity('ListFilesFromCSA').output.childItems",
													"type": "Expression"
												}
											}
										}
									]
								},
								{
									"value": "ADLS",
									"activities": [
										{
											"name": "ListFilesOnADLS",
											"type": "GetMetadata",
											"dependsOn": [],
											"policy": {
												"timeout": "7.00:00:00",
												"retry": 0,
												"retryIntervalInSeconds": 30,
												"secureOutput": false,
												"secureInput": false
											},
											"userProperties": [],
											"typeProperties": {
												"dataset": {
													"referenceName": "SourceDataSet",
													"type": "DatasetReference",
													"parameters": {
														"Container": "datacore",
														"Path": {
															"value": "@pipeline().parameters.sourcePath",
															"type": "Expression"
														}
													}
												},
												"fieldList": [
													"itemName",
													"childItems"
												],
												"storeSettings": {
													"type": "AzureBlobFSReadSettings",
													"recursive": true,
													"enablePartitionDiscovery": false
												},
												"formatSettings": {
													"type": "BinaryReadSettings"
												}
											}
										},
										{
											"name": "SetADLSFileList",
											"type": "SetVariable",
											"dependsOn": [
												{
													"activity": "ListFilesOnADLS",
													"dependencyConditions": [
														"Succeeded"
													]
												}
											],
											"userProperties": [],
											"typeProperties": {
												"variableName": "SourceFileList",
												"value": {
													"value": "@activity('ListFilesOnADLS').output.childItems",
													"type": "Expression"
												}
											}
										}
									]
								},
								{
									"value": "SFX",
									"activities": [
										{
											"name": "ListFilesFromSFX",
											"type": "GetMetadata",
											"dependsOn": [],
											"policy": {
												"timeout": "7.00:00:00",
												"retry": 0,
												"retryIntervalInSeconds": 30,
												"secureOutput": false,
												"secureInput": false
											},
											"userProperties": [],
											"typeProperties": {
												"dataset": {
													"referenceName": "SFXDataSetInbound",
													"type": "DatasetReference",
													"parameters": {
														"sourcePath": "@pipeline().parameters.sourcePath"
													}
												},
												"fieldList": [
													"itemName",
													"childItems"
												],
												"storeSettings": {
													"type": "SftpReadSettings",
													"recursive": true,
													"enablePartitionDiscovery": false
												},
												"formatSettings": {
													"type": "BinaryReadSettings"
												}
											}
										},
										{
											"name": "SetSFXFileList",
											"type": "SetVariable",
											"dependsOn": [
												{
													"activity": "ListFilesFromSFX",
													"dependencyConditions": [
														"Succeeded"
													]
												}
											],
											"userProperties": [],
											"typeProperties": {
												"variableName": "SourceFileList",
												"value": {
													"value": "@activity('ListFilesFromSFX').output.childItems",
													"type": "Expression"
												}
											}
										}
									]
								}
							]
						}
					},
					{
						"name": "TransferFilesForEachFileNamePattern",
						"type": "ForEach",
						"dependsOn": [
							{
								"activity": "RegisterFiles",
								"dependencyConditions": [
									"Succeeded"
								]
							}
						],
						"userProperties": [],
						"typeProperties": {
							"items": {
								"value": "@activity('FilterFiles').output.filePatternList",
								"type": "Expression"
							},
							"isSequential": true,
							"activities": [
								{
									"name": "TransferFiles",
									"type": "Switch",
									"dependsOn": [],
									"userProperties": [],
									"typeProperties": {
										"on": {
											"value": "@{pipeline().parameters.source}to@{pipeline().parameters.destination}",
											"type": "Expression"
										},
										"cases": [
											{
												"value": "CSAtoADLS",
												"activities": [
													{
														"name": "TransferCSAtoADLS",
														"type": "Copy",
														"dependsOn": [],
														"policy": {
															"timeout": "7.00:00:00",
															"retry": 0,
															"retryIntervalInSeconds": 30,
															"secureOutput": false,
															"secureInput": false
														},
														"userProperties": [],
														"typeProperties": {
															"source": {
																"type": "BinarySource",
																"storeSettings": {
																	"type": "SftpReadSettings",
																	"recursive": true,
																	"wildcardFolderPath": {
																		"value": "@pipeline().parameters.sourcePath",
																		"type": "Expression"
																	},
																	"wildcardFileName": {
																		"value": "@{item().fileName}.*",
																		"type": "Expression"
																	},
																	"deleteFilesAfterCompletion": false
																},
																"formatSettings": {
																	"type": "BinaryReadSettings"
																}
															},
															"sink": {
																"type": "BinarySink",
																"storeSettings": {
																	"type": "AzureBlobFSWriteSettings",
																	"copyBehavior": "PreserveHierarchy"
																}
															},
															"enableStaging": false
														},
														"inputs": [
															{
																"referenceName": "CSADataSetInbound",
																"type": "DatasetReference",
																"parameters": {
																	"sourcePath": {
																		"value": "@pipeline().parameters.sourcePath",
																		"type": "Expression"
																	}
																}
															}
														],
														"outputs": [
															{
																"referenceName": "TargetDataSet",
																"type": "DatasetReference",
																"parameters": {
																	"Container": "datacore",
																	"Path": {
																		"value": "@pipeline().parameters.destinationPath",
																		"type": "Expression"
																	}
																}
															}
														]
													}
												]
											},
											{
												"value": "ADLStoADLS",
												"activities": [
													{
														"name": "TransferADLStoADLS",
														"type": "Copy",
														"dependsOn": [],
														"policy": {
															"timeout": "7.00:00:00",
															"retry": 0,
															"retryIntervalInSeconds": 30,
															"secureOutput": false,
															"secureInput": false
														},
														"userProperties": [],
														"typeProperties": {
															"source": {
																"type": "BinarySource",
																"storeSettings": {
																	"type": "AzureBlobFSReadSettings",
																	"recursive": true,
																	"wildcardFolderPath": {
																		"value": "@pipeline().parameters.sourcePath",
																		"type": "Expression"
																	},
																	"wildcardFileName": {
																		"value": "@{item().fileName}.*",
																		"type": "Expression"
																	},
																	"deleteFilesAfterCompletion": false
																},
																"formatSettings": {
																	"type": "BinaryReadSettings"
																}
															},
															"sink": {
																"type": "BinarySink",
																"storeSettings": {
																	"type": "AzureBlobFSWriteSettings",
																	"copyBehavior": "PreserveHierarchy"
																}
															},
															"enableStaging": false
														},
														"inputs": [
															{
																"referenceName": "SourceDataSet",
																"type": "DatasetReference",
																"parameters": {
																	"Container": {
																		"value": "datacore",
																		"type": "Expression"
																	},
																	"Path": {
																		"value": "@pipeline().parameters.sourcePath",
																		"type": "Expression"
																	}
																}
															}
														],
														"outputs": [
															{
																"referenceName": "TargetDataSet",
																"type": "DatasetReference",
																"parameters": {
																	"Container": "datacore",
																	"Path": {
																		"value": "@pipeline().parameters.destinationPath",
																		"type": "Expression"
																	}
																}
															}
														]
													}
												]
											},
											{
												"value": "CSAtoCSA",
												"activities": [
													{
														"name": "TransferCSAtoCSA",
														"type": "Copy",
														"dependsOn": [],
														"policy": {
															"timeout": "7.00:00:00",
															"retry": 5,
															"retryIntervalInSeconds": 30,
															"secureOutput": false,
															"secureInput": false
														},
														"userProperties": [],
														"typeProperties": {
															"source": {
																"type": "BinarySource",
																"storeSettings": {
																	"type": "SftpReadSettings",
																	"recursive": true,
																	"wildcardFolderPath": {
																		"value": "@pipeline().parameters.sourcePath",
																		"type": "Expression"
																	},
																	"wildcardFileName": {
																		"value": "@{item().fileName}.*",
																		"type": "Expression"
																	},
																	"deleteFilesAfterCompletion": false
																},
																"formatSettings": {
																	"type": "BinaryReadSettings"
																}
															},
															"sink": {
																"type": "BinarySink",
																"storeSettings": {
																	"type": "SftpWriteSettings",
																	"copyBehavior": "PreserveHierarchy",
																	"operationTimeout": "01:00:00",
																	"useTempFileRename": true
																}
															},
															"enableStaging": false
														},
														"inputs": [
															{
																"referenceName": "CSADataSetInbound",
																"type": "DatasetReference",
																"parameters": {
																	"sourcePath": {
																		"value": "@pipeline().parameters.sourcePath",
																		"type": "Expression"
																	}
																}
															}
														],
														"outputs": [
															{
																"referenceName": "CSADataSetOutbound",
																"type": "DatasetReference",
																"parameters": {
																	"destinationPath": {
																		"value": "@pipeline().parameters.destinationPath",
																		"type": "Expression"
																	}
																}
															}
														]
													}
												]
											},
											{
												"value": "SFXtoADLS",
												"activities": [
													{
														"name": "TransferSFXtoADLS",
														"type": "Copy",
														"dependsOn": [],
														"policy": {
															"timeout": "7.00:00:00",
															"retry": 5,
															"retryIntervalInSeconds": 30,
															"secureOutput": false,
															"secureInput": false
														},
														"userProperties": [],
														"typeProperties": {
															"source": {
																"type": "BinarySource",
																"storeSettings": {
																	"type": "SftpReadSettings",
																	"recursive": true,
																	"wildcardFolderPath": {
																		"value": "@pipeline().parameters.sourcePath",
																		"type": "Expression"
																	},
																	"wildcardFileName": {
																		"value": "@{item().fileName}.*",
																		"type": "Expression"
																	},
																	"deleteFilesAfterCompletion": false
																},
																"formatSettings": {
																	"type": "BinaryReadSettings"
																}
															},
															"sink": {
																"type": "BinarySink",
																"storeSettings": {
																	"type": "AzureBlobFSWriteSettings",
																	"copyBehavior": "PreserveHierarchy"
																}
															},
															"enableStaging": false
														},
														"inputs": [
															{
																"referenceName": "SFXDataSetInbound",
																"type": "DatasetReference",
																"parameters": {
																	"sourcePath": "@pipeline().parameters.sourcePath"
																}
															}
														],
														"outputs": [
															{
																"referenceName": "TargetDataSet",
																"type": "DatasetReference",
																"parameters": {
																	"Container": "datacore",
																	"Path": "@pipeline().parameters.destinationPath"
																}
															}
														]
													}
												]
											}
										]
									}
								}
							]
						}
					},
					{
						"name": "RegisterFiles",
						"type": "AzureFunctionActivity",
						"dependsOn": [
							{
								"activity": "FilterFiles",
								"dependencyConditions": [
									"Succeeded"
								]
							}
						],
						"policy": {
							"timeout": "7.00:00:00",
							"retry": 0,
							"retryIntervalInSeconds": 30,
							"secureOutput": false,
							"secureInput": false
						},
						"userProperties": [],
						"typeProperties": {
							"functionName": "file_registration_groups",
							"method": "POST",
							"body": {
								"value": "{\n    \"oDate\": \"@{pipeline().parameters.oDate}\"\n    \"jobRunId\": @{pipeline().parameters.jobRunId},\n    \"jobName\": \"@{pipeline().parameters.jobName}\",\n    \"environment\": \"@{pipeline().parameters.environment}\",\n    \"filePattern\": \"@{pipeline().parameters.filePattern}\",\n    \"source\":  \"@{pipeline().parameters.source}\",\n    \"enforceSequence\": @{if(pipeline().parameters.enforceSequence, 'true', 'false')},\n    \"sourcePath\":  \"@{pipeline().parameters.sourcePath}\",\n    \"destination\":  \"@{pipeline().parameters.destination}\",\n    \"destinationPath\":  \"@{pipeline().parameters.destinationPath}\",\n    \"fileExtensions\": @{pipeline().parameters.fileExtensions}, \n    \"activity\": @{pipeline().parameters.activity},\n    \"files\": @{activity('FilterFiles').output.filePatternList}\n}",
								"type": "Expression"
							}
						},
						"linkedServiceName": {
							"referenceName": "LinkedService_AFA",
							"type": "LinkedServiceReference"
						}
					},
					{
						"name": "SetSourceFileListNames",
						"type": "ForEach",
						"dependsOn": [
							{
								"activity": "ListFilesFromSource",
								"dependencyConditions": [
									"Succeeded"
								]
							}
						],
						"userProperties": [],
						"typeProperties": {
							"items": {
								"value": "@variables('SourceFileList')",
								"type": "Expression"
							},
							"activities": [
								{
									"name": "AppendToSourceFileListNames",
									"type": "AppendVariable",
									"dependsOn": [],
									"userProperties": [],
									"typeProperties": {
										"variableName": "SourceFileListNames",
										"value": {
											"value": "@item().name",
											"type": "Expression"
										}
									}
								}
							]
						}
					},
					{
						"name": "MarkRegisteredFilesAsCopied",
						"type": "AzureFunctionActivity",
						"dependsOn": [
							{
								"activity": "TransferFilesForEachFileNamePattern",
								"dependencyConditions": [
									"Succeeded"
								]
							}
						],
						"policy": {
							"timeout": "7.00:00:00",
							"retry": 0,
							"retryIntervalInSeconds": 30,
							"secureOutput": false,
							"secureInput": false
						},
						"userProperties": [],
						"typeProperties": {
							"functionName": {
								"value": "file_registration_groups/@{activity('RegisterFiles').output.id}/status",
								"type": "Expression"
							},
							"method": "POST",
							"body": {
								"value": "{\n    \"status\": \"copied\"\n}",
								"type": "Expression"
							}
						},
						"linkedServiceName": {
							"referenceName": "LinkedService_AFA",
							"type": "LinkedServiceReference"
						}
					}
				],
				"parameters": {
					"filePattern": {
						"type": "string"
					},
					"taskRunId": {
						"type": "string"
					},
					"jobRunId": {
						"type": "string"
					},
					"oDate": {
						"type": "string"
					},
					"fileExtensions": {
						"type": "array"
					},
					"compression": {
						"type": "bool",
						"defaultValue": false
					},
					"sourceSystem": {
						"type": "string"
					},
					"source": {
						"type": "string"
					},
					"sourcePath": {
						"type": "string"
					},
					"destination": {
						"type": "string"
					},
					"destinationPath": {
						"type": "string"
					},
					"enforceSequence": {
						"type": "bool"
					},
					"jobName": {
						"type": "string"
					},
					"environment": {
						"type": "string"
					},
					"activity": {
						"type": "string"
					}
				},
				"variables": {
					"TaskRunUuid": {
						"type": "String"
					},
					"SourceFileList": {
						"type": "Array"
					},
					"FileListFilePath": {
						"type": "String"
					},
					"_SourceFileListItems": {
						"type": "Array"
					},
					"SourceFileListItems": {
						"type": "Array"
					},
					"SourceFileListNames": {
						"type": "Array"
					},
					"fileRegistrationStatus": {
						"type": "String",
						"defaultValue": "registered"
					}
				},
				"folder": {
					"name": "Datacore-Framework-Pipelines"
				},
				"annotations": []
			},
			"dependsOn": []
		},
		{
			"name": "[concat(parameters('factoryName'), '/Main')]",
			"type": "Microsoft.DataFactory/factories/pipelines",
			"apiVersion": "2018-06-01",
			"properties": {
				"description": "This is the main pipeline called by the runjob function upon each job trigger",
				"activities": [
					{
						"name": "LoopThroughJobTasks",
						"description": "This activity takes the list of tasks from given job.json and processes them in sequence",
						"type": "ForEach",
						"dependsOn": [],
						"userProperties": [],
						"typeProperties": {
							"items": {
								"value": "@pipeline().parameters.tasks",
								"type": "Expression"
							},
							"isSequential": true,
							"activities": [
								{
									"name": "ExecuteCurrentTaskPipeline",
									"description": "The tasks match the current task to its pipeline and passes on the incoming parameters",
									"type": "Switch",
									"dependsOn": [],
									"userProperties": [],
									"typeProperties": {
										"on": {
											"value": "@item().pipelineName",
											"type": "Expression"
										},
										"cases": [
											{
												"value": "CopyData",
												"activities": [
													{
														"name": "ExecuteCopyDataPipeline",
														"description": "This activity calls the task pipeline matching the input task name",
														"type": "ExecutePipeline",
														"dependsOn": [],
														"userProperties": [],
														"typeProperties": {
															"pipeline": {
																"referenceName": "CopyData",
																"type": "PipelineReference"
															},
															"waitOnCompletion": true,
															"parameters": {
																"filePattern": {
																	"value": "@item().parameters.filePattern",
																	"type": "Expression"
																},
																"taskRunId": {
																	"value": "@item().taskRunId",
																	"type": "Expression"
																},
																"jobRunId": {
																	"value": "@pipeline().parameters.jobRunId",
																	"type": "Expression"
																},
																"oDate": {
																	"value": "@pipeline().parameters.oDate",
																	"type": "Expression"
																},
																"fileExtensions": {
																	"value": "@item().parameters.fileExtensions",
																	"type": "Expression"
																},
																"compression": {
																	"value": "@item().parameters.compression",
																	"type": "Expression"
																},
																"sourceSystem": {
																	"value": "@pipeline().parameters.sourceSystem",
																	"type": "Expression"
																},
																"source": {
																	"value": "@item().parameters.source",
																	"type": "Expression"
																},
																"sourcePath": {
																	"value": "@item().parameters.sourcePath",
																	"type": "Expression"
																},
																"destination": {
																	"value": "@item().parameters.destination",
																	"type": "Expression"
																},
																"destinationPath": {
																	"value": "@item().parameters.destinationPath",
																	"type": "Expression"
																},
																"enforceSequence": {
																	"value": "@item().parameters.enforceSequence",
																	"type": "Expression"
																},
																"jobName": {
																	"value": "@pipeline().parameters.jobName",
																	"type": "Expression"
																},
																"environment": {
																	"value": "@pipeline().parameters.environment",
																	"type": "Expression"
																},
																"activity": {
																	"value": "@item().parameters.activity",
																	"type": "Expression"
																}
															}
														}
													},
													{
														"name": "SetCopyDataUuid",
														"type": "SetVariable",
														"dependsOn": [
															{
																"activity": "ExecuteCopyDataPipeline",
																"dependencyConditions": [
																	"Succeeded"
																]
															}
														],
														"userProperties": [],
														"typeProperties": {
															"variableName": "taskRunUuid",
															"value": {
																"value": "@activity('ExecuteCopyDataPipeline').output",
																"type": "Expression"
															}
														}
													}
												]
											},
											{
												"value": "TaskNotScheduled",
												"activities": [
													{
														"name": "ExecuteTaskNotScheduledPipeline",
														"type": "ExecutePipeline",
														"dependsOn": [],
														"userProperties": [],
														"typeProperties": {
															"pipeline": {
																"referenceName": "DumbPipeline",
																"type": "PipelineReference"
															},
															"waitOnCompletion": true
														}
													}
												]
											},
											{
												"value": "SuccessTask",
												"activities": [
													{
														"name": "ExecuteSuccessTaskPipeline",
														"type": "ExecutePipeline",
														"dependsOn": [],
														"userProperties": [],
														"typeProperties": {
															"pipeline": {
																"referenceName": "SuccessTask",
																"type": "PipelineReference"
															},
															"waitOnCompletion": true,
															"parameters": {
																"taskRunId": {
																	"value": "@item().taskRunId",
																	"type": "Expression"
																}
															}
														}
													},
													{
														"name": "SetSuccessTaskUuid",
														"type": "SetVariable",
														"dependsOn": [
															{
																"activity": "ExecuteSuccessTaskPipeline",
																"dependencyConditions": [
																	"Succeeded"
																]
															}
														],
														"userProperties": [],
														"typeProperties": {
															"variableName": "taskRunUuid",
															"value": {
																"value": "@activity('ExecuteSuccessTaskPipeline').output.pipelineRunId",
																"type": "Expression"
															}
														}
													}
												]
											},
											{
												"value": "FailureTask",
												"activities": [
													{
														"name": "ExecuteFailureTaskPipeline",
														"type": "ExecutePipeline",
														"dependsOn": [],
														"userProperties": [],
														"typeProperties": {
															"pipeline": {
																"referenceName": "FailureTask",
																"type": "PipelineReference"
															},
															"waitOnCompletion": true,
															"parameters": {
																"taskRunId": {
																	"value": "@item().taskRunId",
																	"type": "Expression"
																}
															}
														}
													},
													{
														"name": "SetFailureTaskUuid",
														"type": "SetVariable",
														"dependsOn": [
															{
																"activity": "ExecuteFailureTaskPipeline",
																"dependencyConditions": [
																	"Succeeded"
																]
															}
														],
														"userProperties": [],
														"typeProperties": {
															"variableName": "taskRunUuid",
															"value": {
																"value": "@activity('ExecuteFailureTaskPipeline').output.pipelineRunId",
																"type": "Expression"
															}
														}
													}
												]
											}
										]
									}
								},
								{
									"name": "UpdateTaskStatusCompleted",
									"type": "AzureFunctionActivity",
									"dependsOn": [
										{
											"activity": "ExecuteCurrentTaskPipeline",
											"dependencyConditions": [
												"Succeeded"
											]
										}
									],
									"policy": {
										"timeout": "7.00:00:00",
										"retry": 0,
										"retryIntervalInSeconds": 30,
										"secureOutput": false,
										"secureInput": false
									},
									"userProperties": [],
									"typeProperties": {
										"functionName": "update_task_status",
										"method": "POST",
										"body": {
											"value": "{\n    \"status\": \"completed\",\n    \"taskRunId\": @{item().taskRunId},\n    \"taskRunUuid\": \"@{variables('taskRunUuid')}\"\n}\n",
											"type": "Expression"
										}
									},
									"linkedServiceName": {
										"referenceName": "LinkedService_AFA",
										"type": "LinkedServiceReference"
									}
								},
								{
									"name": "UpdateTaskStatusFailed",
									"type": "AzureFunctionActivity",
									"dependsOn": [
										{
											"activity": "ExecuteCurrentTaskPipeline",
											"dependencyConditions": [
												"Failed"
											]
										}
									],
									"policy": {
										"timeout": "7.00:00:00",
										"retry": 0,
										"retryIntervalInSeconds": 30,
										"secureOutput": false,
										"secureInput": false
									},
									"userProperties": [],
									"typeProperties": {
										"functionName": "update_task_status",
										"method": "POST",
										"body": {
											"value": "{\n    \"status\": \"failed\",\n    \"taskRunId\": @{item().taskRunId},\n    \"taskRunUuid\": \"@{variables('taskRunUuid')}\"\n}\n",
											"type": "Expression"
										}
									},
									"linkedServiceName": {
										"referenceName": "LinkedService_AFA",
										"type": "LinkedServiceReference"
									}
								},
								{
									"name": "CancelJob",
									"type": "AzureFunctionActivity",
									"dependsOn": [
										{
											"activity": "UpdateTaskStatusFailed",
											"dependencyConditions": [
												"Succeeded"
											]
										}
									],
									"policy": {
										"timeout": "7.00:00:00",
										"retry": 0,
										"retryIntervalInSeconds": 30,
										"secureOutput": false,
										"secureInput": false
									},
									"userProperties": [],
									"typeProperties": {
										"functionName": "cancel_job_run",
										"method": "POST",
										"body": {
											"value": "{\n   \"taskRunId\": @{item().taskRunId}\n}",
											"type": "Expression"
										}
									},
									"linkedServiceName": {
										"referenceName": "LinkedService_AFA",
										"type": "LinkedServiceReference"
									}
								}
							]
						}
					},
					{
						"name": "UpdateJobStatusToCompleted",
						"type": "AzureFunctionActivity",
						"dependsOn": [
							{
								"activity": "LoopThroughJobTasks",
								"dependencyConditions": [
									"Succeeded"
								]
							}
						],
						"policy": {
							"timeout": "7.00:00:00",
							"retry": 0,
							"retryIntervalInSeconds": 30,
							"secureOutput": false,
							"secureInput": false
						},
						"userProperties": [],
						"typeProperties": {
							"functionName": "update_job_status",
							"method": "POST",
							"body": {
								"value": "{\n    \"status\": \"completed\",\n    \"jobRunId\": @{pipeline().parameters.jobRunId},\n    \"jobRunUuid\": \"@{pipeline().RunId}\"\n}\n\n",
								"type": "Expression"
							}
						},
						"linkedServiceName": {
							"referenceName": "LinkedService_AFA",
							"type": "LinkedServiceReference"
						}
					}
				],
				"concurrency": 10,
				"parameters": {
					"tasks": {
						"type": "array"
					},
					"jobRunId": {
						"type": "int"
					},
					"oDate": {
						"type": "string"
					},
					"sourceSystem": {
						"type": "string"
					},
					"tableName": {
						"type": "string"
					},
					"jobName": {
						"type": "string"
					},
					"environment": {
						"type": "string"
					}
				},
				"variables": {
					"taskRunUuid": {
						"type": "String"
					},
					"taskRunId": {
						"type": "String"
					}
				},
				"folder": {
					"name": "Datacore-Framework-Pipelines"
				},
				"annotations": []
			},
			"dependsOn": [
				"[concat(variables('factoryId'), '/pipelines/CopyData')]"
			]
		}
	]
}