{
	"$schema": "http://schema.management.azure.com/schemas/2015-01-01/deploymentTemplate.json#",
	"contentVersion": "1.0.0.0",
	"parameters": {
		"factoryName": {
			"type": "string",
			"metadata": "Data Factory name",
			"defaultValue": "tcp-azu0014-ae-adf-datacore-ipnd-nprod"
		}
	},
	"variables": {
		"factoryId": "[concat('Microsoft.DataFactory/factories/', parameters('factoryName'))]"
	},
	"resources": [
		{
			"name": "[concat(parameters('factoryName'), '/main')]",
			"type": "Microsoft.DataFactory/factories/pipelines",
			"apiVersion": "2018-06-01",
			"properties": {
				"description": "This is the main pipeline called by the runjob function upon each job trigger",
				"activities": [
					{
						"name": "LoopThroughJobTasks",
						"description": "This activity takes the list of tasks from given job.json and processes them in sequence",
						"type": "ForEach",
						"dependsOn": [],
						"userProperties": [],
						"typeProperties": {
							"items": {
								"value": "@pipeline().parameters.tasks",
								"type": "Expression"
							},
							"isSequential": true,
							"activities": [
								{
									"name": "ExecuteCurrentTaskPipeline",
									"description": "The tasks match the current task to its pipeline and passes on the incoming parameters",
									"type": "Switch",
									"dependsOn": [],
									"userProperties": [],
									"typeProperties": {
										"on": {
											"value": "@item().pipelineName",
											"type": "Expression"
										},
										"cases": [
											{
												"value": "CopyFromSource",
												"activities": [
													{
														"name": "ExecuteCopyFromSourcePipeline",
														"description": "This activity calls the task pipeline matching the input task name",
														"type": "ExecutePipeline",
														"dependsOn": [],
														"userProperties": [],
														"typeProperties": {
															"pipeline": {
																"referenceName": "CopyFromSource",
																"type": "PipelineReference"
															},
															"waitOnCompletion": true,
															"parameters": {
																"filePattern": {
																	"value": "@{item().filePattern}",
																	"type": "Expression"
																},
																"taskRunId": {
																	"value": "@{item().taskRunId}",
																	"type": "Expression"
																},
																"jobRunId": {
																	"value": "@{pipeline().parameters.jobRunId}",
																	"type": "Expression"
																},
																"oDate": {
																	"value": "@pipeline().parameters.jobRunId",
																	"type": "Expression"
																},
																"fileExtensions": {
																	"value": "@item().fileExtensions",
																	"type": "Expression"
																},
																"fileCompressed": {
																	"value": "@item().fileCompressed",
																	"type": "Expression"
																},
																"sourceSystem": {
																	"value": "@item().sourceSystem",
																	"type": "Expression"
																},
																"sourcePath": {
																	"value": "@item().sourcePath",
																	"type": "Expression"
																},
																"destinationPath": {
																	"value": "@item().destinationPath",
																	"type": "Expression"
																},
																"fileList": {
																	"value": "@item().fileListPath",
																	"type": "Expression"
																}
															}
														}
													},
													{
														"name": "UpdateTaskStatusCompleted",
														"type": "AzureFunctionActivity",
														"dependsOn": [
															{
																"activity": "ExecuteCopyFromSourcePipeline",
																"dependencyConditions": [
																	"Succeeded"
																]
															}
														],
														"policy": {
															"timeout": "7.00:00:00",
															"retry": 0,
															"retryIntervalInSeconds": 30,
															"secureOutput": false,
															"secureInput": false
														},
														"userProperties": [],
														"typeProperties": {
															"functionName": "update_task_status",
															"method": "POST",
															"body": {
																"value": "{\n    \"status\": \"completed\",\n    \"taskRunId\": @{item().taskRunId},\n    \"taskRunUuid\": @{activity('ExecuteCopyFromSourcePipeline').output.pipelineRunId}\n}",
																"type": "Expression"
															}
														},
														"linkedServiceName": {
															"referenceName": "LinkedService_AFA",
															"type": "LinkedServiceReference"
														}
													},
													{
														"name": "UpdateTaskStatusFailed",
														"type": "AzureFunctionActivity",
														"dependsOn": [
															{
																"activity": "ExecuteCopyFromSourcePipeline",
																"dependencyConditions": [
																	"Failed"
																]
															}
														],
														"policy": {
															"timeout": "7.00:00:00",
															"retry": 0,
															"retryIntervalInSeconds": 30,
															"secureOutput": false,
															"secureInput": false
														},
														"userProperties": [],
														"typeProperties": {
															"functionName": "update_task_status",
															"method": "POST",
															"body": {
																"value": "{\n    \"status\": \"failed\",\n    \"taskRunId\": @{item().taskRunId},\n    \"taskRunUuid\": @{activity('ExecuteCopyFromSourcePipeline').output.pipelineRunId}\n}",
																"type": "Expression"
															}
														},
														"linkedServiceName": {
															"referenceName": "LinkedService_AFA",
															"type": "LinkedServiceReference"
														}
													},
													{
														"name": "CancelJob",
														"type": "AzureFunctionActivity",
														"dependsOn": [
															{
																"activity": "UpdateTaskStatusFailed",
																"dependencyConditions": [
																	"Succeeded"
																]
															}
														],
														"policy": {
															"timeout": "7.00:00:00",
															"retry": 0,
															"retryIntervalInSeconds": 30,
															"secureOutput": false,
															"secureInput": false
														},
														"userProperties": [],
														"typeProperties": {
															"functionName": "cancel_job_run",
															"method": "POST",
															"body": {
																"value": "{\n   \"taskRunId\": @{item().taskRunId}\n}",
																"type": "Expression"
															}
														},
														"linkedServiceName": {
															"referenceName": "LinkedService_AFA",
															"type": "LinkedServiceReference"
														}
													}
												]
											},
											{
												"value": "TaskNotScheduled",
												"activities": [
													{
														"name": "ExecuteTaskNotScheduledPipeline",
														"type": "ExecutePipeline",
														"dependsOn": [],
														"userProperties": [],
														"typeProperties": {
															"pipeline": {
																"referenceName": "DumbPipeline",
																"type": "PipelineReference"
															},
															"waitOnCompletion": true
														}
													}
												]
											}
										]
									}
								}
							]
						}
					},
					{
						"name": "UpdateJobStatus",
						"type": "AzureFunctionActivity",
						"dependsOn": [
							{
								"activity": "LoopThroughJobTasks",
								"dependencyConditions": [
									"Succeeded"
								]
							}
						],
						"policy": {
							"timeout": "7.00:00:00",
							"retry": 0,
							"retryIntervalInSeconds": 30,
							"secureOutput": false,
							"secureInput": false
						},
						"userProperties": [],
						"typeProperties": {
							"functionName": "update_job_status",
							"method": "POST",
							"body": {
								"value": "{\n    \"status\": \"running\",\n    \"jobRunId\": @{pipeline().parameters.jobRunId},\n    \"jobRunUuid\": @{pipeline().RunId}\n}\n\n",
								"type": "Expression"
							}
						},
						"linkedServiceName": {
							"referenceName": "LinkedService_AFA",
							"type": "LinkedServiceReference"
						}
					}
				],
				"concurrency": 10,
				"parameters": {
					"tasks": {
						"type": "array"
					},
					"jobRunId": {
						"type": "int"
					},
					"oDate": {
						"type": "string"
					}
				},
				"folder": {
					"name": "Datacore-Framework-Pipelines"
				},
				"annotations": []
			},
			"dependsOn": []
		}
	]
}