{
	"$schema": "http://schema.management.azure.com/schemas/2015-01-01/deploymentTemplate.json#",
	"contentVersion": "1.0.0.0",
	"parameters": {
		"factoryName": {
			"type": "string",
			"metadata": "Data Factory name",
			"defaultValue": "tcp-azu0014-ae-adf-datacore-ipnd-nprod"
		}
	},
	"variables": {
		"factoryId": "[concat('Microsoft.DataFactory/factories/', parameters('factoryName'))]"
	},
	"resources": [
		{
			"name": "[concat(parameters('factoryName'), '/Copy_From_Source')]",
			"type": "Microsoft.DataFactory/factories/pipelines",
			"apiVersion": "2018-06-01",
			"properties": {
				"activities": [
					{
						"name": "List Files",
						"type": "GetMetadata",
						"dependsOn": [
							{
								"activity": "UpdateRunning",
								"dependencyConditions": [
									"Succeeded"
								]
							}
						],
						"policy": {
							"timeout": "7.00:00:00",
							"retry": 0,
							"retryIntervalInSeconds": 30,
							"secureOutput": false,
							"secureInput": false
						},
						"userProperties": [],
						"typeProperties": {
							"dataset": {
								"referenceName": "ListSourceDirectoryAdls",
								"type": "DatasetReference",
								"parameters": {
									"ContainerName": {
										"value": "@string(pipeline().parameters.TaskParams.Parameters.ContainerName)",
										"type": "Expression"
									},
									"Path": {
										"value": "@string(pipeline().parameters.TaskParams.Parameters.SourcePath)",
										"type": "Expression"
									}
								}
							},
							"fieldList": [
								"itemName",
								"childItems"
							],
							"storeSettings": {
								"type": "AzureBlobFSReadSettings",
								"recursive": true,
								"enablePartitionDiscovery": false
							},
							"formatSettings": {
								"type": "BinaryReadSettings"
							}
						}
					},
					{
						"name": "FilterFiles",
						"description": "Call the azure function with list of files to pattern match and find triplets and copy it across.",
						"type": "AzureFunctionActivity",
						"dependsOn": [
							{
								"activity": "List Files",
								"dependencyConditions": [
									"Succeeded"
								]
							}
						],
						"policy": {
							"timeout": "7.00:00:00",
							"retry": 0,
							"retryIntervalInSeconds": 30,
							"secureOutput": false,
							"secureInput": false
						},
						"userProperties": [],
						"typeProperties": {
							"functionName": "filter_files",
							"method": "POST",
							"body": {
								"value": "@json(concat('{\"oDate\":\"',pipeline().parameters.ODate,'\",','\"fileList\":',activity('List Files').output.childItems,',','\"filePattern\":\"',pipeline().parameters.TaskParams.Parameters.FilePattern,'\",','\"fileCompressed\":\"',pipeline().parameters.TaskParams.Parameters.Compression,'\",','\"fileExtensions\":',pipeline().parameters.TaskParams.Parameters.FileExtension,',','\"taskRunId\":\"',pipeline().parameters.TaskParams.taskRun.id,'\",','\"jobRunId\":\"',pipeline().parameters.JobId,'\"}'))",
								"type": "Expression"
							}
						},
						"linkedServiceName": {
							"referenceName": "LinkedService_AFA",
							"type": "LinkedServiceReference"
						}
					},
					{
						"name": "Transfer Data",
						"type": "Copy",
						"dependsOn": [
							{
								"activity": "FilterFiles",
								"dependencyConditions": [
									"Succeeded"
								]
							}
						],
						"policy": {
							"timeout": "7.00:00:00",
							"retry": 0,
							"retryIntervalInSeconds": 30,
							"secureOutput": false,
							"secureInput": false
						},
						"userProperties": [],
						"typeProperties": {
							"source": {
								"type": "BinarySource",
								"storeSettings": {
									"type": "AzureBlobFSReadSettings",
									"fileListPath": {
										"value": "@concat('datacore','/','metadata','/','tmp','/',string(pipeline().parameters.JobId),'_',string(pipeline().parameters.TaskId),'.txt')",
										"type": "Expression"
									},
									"deleteFilesAfterCompletion": false
								},
								"formatSettings": {
									"type": "BinaryReadSettings"
								}
							},
							"sink": {
								"type": "BinarySink",
								"storeSettings": {
									"type": "AzureBlobFSWriteSettings"
								}
							},
							"enableStaging": false
						},
						"inputs": [
							{
								"referenceName": "SourceDataSet",
								"type": "DatasetReference",
								"parameters": {
									"Container": {
										"value": "@pipeline().parameters.TaskParams.Parameters.ContainerName",
										"type": "Expression"
									},
									"Path": {
										"value": "@pipeline().parameters.TaskParams.Parameters.SourcePath",
										"type": "Expression"
									}
								}
							}
						],
						"outputs": [
							{
								"referenceName": "TargetDataSet",
								"type": "DatasetReference",
								"parameters": {
									"Container": {
										"value": "@pipeline().parameters.TaskParams.Parameters.ContainerName",
										"type": "Expression"
									},
									"Path": {
										"value": "@pipeline().parameters.TaskParams.Parameters.TargetPath",
										"type": "Expression"
									}
								}
							}
						]
					},
					{
						"name": "UpdateRunning",
						"type": "AzureFunctionActivity",
						"dependsOn": [
							{
								"activity": "SetTaskPipelineRunId",
								"dependencyConditions": [
									"Succeeded"
								]
							}
						],
						"policy": {
							"timeout": "7.00:00:00",
							"retry": 0,
							"retryIntervalInSeconds": 30,
							"secureOutput": false,
							"secureInput": false
						},
						"userProperties": [],
						"typeProperties": {
							"functionName": "update_task_status",
							"method": "POST",
							"body": {
								"value": "@json(concat('{\"status\":','\"RUNNING\",','\"taskRunId\":',pipeline().parameters.TaskId,',','\"taskRunUuid\":\"',pipeline().RunId,'\"}'))",
								"type": "Expression"
							}
						},
						"linkedServiceName": {
							"referenceName": "LinkedService_AFA",
							"type": "LinkedServiceReference"
						}
					},
					{
						"name": "SetTaskPipelineRunId",
						"type": "SetVariable",
						"dependsOn": [],
						"userProperties": [],
						"typeProperties": {
							"variableName": "TaskPipelineRunId",
							"value": {
								"value": "@pipeline().RunId",
								"type": "Expression"
							}
						}
					}
				],
				"parameters": {
					"TaskParams": {
						"type": "object",
						"defaultValue": {
							"Sequence": 10,
							"JobId": 100,
							"ODate": "20210313",
							"Name": "CopyFromSource",
							"Params": {
								"ContainerName": "datacore",
								"SourcePath": "metadata/data/ipnd",
								"DestinationPath": "metadata/data/out",
								"FilePattern": "File_name_<YYYYMMDD>_*",
								"FileExtension": [
									"dat",
									"ctl",
									"eot"
								],
								"Compression": "false"
							},
							"TaskRun": {
								"id": 19,
								"status": "scheduled"
							}
						}
					},
					"TaskId": {
						"type": "string",
						"defaultValue": "10"
					},
					"JobId": {
						"type": "string",
						"defaultValue": "100"
					},
					"ODate": {
						"type": "string"
					}
				},
				"variables": {
					"TaskPipelineRunId": {
						"type": "String"
					}
				},
				"folder": {
					"name": "Datacore-Framework-Pipelines"
				},
				"annotations": []
			},
			"dependsOn": []
		}
	]
}