{
	"$schema": "http://schema.management.azure.com/schemas/2015-01-01/deploymentTemplate.json#",
	"contentVersion": "1.0.0.0",
	"parameters": {
		"factoryName": {
			"type": "string",
			"metadata": "Data Factory name",
			"defaultValue": "tcp-azu0014-ae-adf-datacore-ipnd-nprod"
		}
	},
	"variables": {
		"factoryId": "[concat('Microsoft.DataFactory/factories/', parameters('factoryName'))]"
	},
	"resources": [
		{
			"name": "[concat(parameters('factoryName'), '/LinkedService_AFA')]",
			"type": "Microsoft.DataFactory/factories/linkedServices",
			"apiVersion": "2018-06-01",
			"properties": {
				"annotations": [],
				"type": "AzureFunction",
				"typeProperties": {
					"functionAppUrl": "https://tcp-azu0014-ae-afa-datacore-ipnd-nprod01.azurewebsites.net/",
					"functionKey": {
						"type": "AzureKeyVaultSecret",
						"store": {
							"referenceName": "LinkedService_AKV",
							"type": "LinkedServiceReference"
						},
						"secretName": "datacore-afa-key"
					},
					"authentication": "Anonymous"
				},
				"connectVia": {
					"referenceName": "datacore-ipnd-shir",
					"type": "IntegrationRuntimeReference"
				}
			},
			"dependsOn": []
		},
		{
			"name": "[concat(parameters('factoryName'), '/LinkedService_CSA')]",
			"type": "Microsoft.DataFactory/factories/linkedServices",
			"apiVersion": "2018-06-01",
			"properties": {
				"annotations": [],
				"type": "Sftp",
				"typeProperties": {
					"host": "lxapp0206.in.telstra.com.au",
					"port": 22,
					"skipHostKeyValidation": true,
					"authenticationType": "SshPublicKey",
					"userName": "n105324",
					"privateKeyContent": {
						"type": "AzureKeyVaultSecret",
						"store": {
							"referenceName": "LinkedService_AKV",
							"type": "LinkedServiceReference"
						},
						"secretName": "datacore-csa-ingestion-adf"
					},
					"passPhrase": {
						"type": "SecureString",
						"value": "**********"
					}
				},
				"connectVia": {
					"referenceName": "datacore-ipnd-shir",
					"type": "IntegrationRuntimeReference"
				}
			},
			"dependsOn": []
		}
	]
}