{
	"$schema": "http://schema.management.azure.com/schemas/2015-01-01/deploymentTemplate.json#",
	"contentVersion": "1.0.0.0",
	"parameters": {
		"factoryName": {
			"type": "string",
			"metadata": "Data Factory name",
			"defaultValue": "tcp-azu0014-ae-adf-datacore-ipnd-nprod"
		}
	},
	"variables": {
		"factoryId": "[concat('Microsoft.DataFactory/factories/', parameters('factoryName'))]"
	},
	"resources": [
		{
			"name": "[concat(parameters('factoryName'), '/az_main')]",
			"type": "Microsoft.DataFactory/factories/pipelines",
			"apiVersion": "2018-06-01",
			"properties": {
				"activities": [
					{
						"name": "executeAzTest",
						"type": "ExecutePipeline",
						"dependsOn": [],
						"userProperties": [],
						"typeProperties": {
							"pipeline": {
								"referenceName": "az_test",
								"type": "PipelineReference"
							},
							"waitOnCompletion": true,
							"parameters": {
								"tasks": {
									"value": "@json('[{\"id\":1,\"name\":\"Task1\"},{\"id\":2,\"name\":\"Task2\"}]')",
									"type": "Expression"
								}
							}
						}
					},
					{
						"name": "setOutput",
						"type": "SetVariable",
						"dependsOn": [
							{
								"activity": "executeAzTest",
								"dependencyConditions": [
									"Succeeded"
								]
							}
						],
						"userProperties": [],
						"typeProperties": {
							"variableName": "output",
							"value": {
								"value": "@string(activity('executeAzTest').output)",
								"type": "Expression"
							}
						}
					}
				],
				"variables": {
					"output": {
						"type": "String"
					}
				},
				"annotations": []
			},
			"dependsOn": [
				"[concat(variables('factoryId'), '/pipelines/az_test')]"
			]
		},
		{
			"name": "[concat(parameters('factoryName'), '/az_test')]",
			"type": "Microsoft.DataFactory/factories/pipelines",
			"apiVersion": "2018-06-01",
			"properties": {
				"activities": [
					{
						"name": "ForEachTask",
						"type": "ForEach",
						"dependsOn": [
							{
								"activity": "SetVar",
								"dependencyConditions": [
									"Succeeded"
								]
							}
						],
						"userProperties": [],
						"typeProperties": {
							"items": {
								"value": "@pipeline().parameters.tasks",
								"type": "Expression"
							},
							"activities": [
								{
									"name": "TestSwitch",
									"type": "Switch",
									"dependsOn": [],
									"userProperties": [],
									"typeProperties": {
										"on": {
											"value": "@item().name",
											"type": "Expression"
										},
										"cases": [
											{
												"value": "Task1",
												"activities": [
													{
														"name": "SetTask1Name",
														"type": "SetVariable",
														"dependsOn": [],
														"userProperties": [],
														"typeProperties": {
															"variableName": "task1Name",
															"value": {
																"value": "@{item().name}@{item().id}",
																"type": "Expression"
															}
														}
													}
												]
											},
											{
												"value": "Task2",
												"activities": [
													{
														"name": "SetTask2Name",
														"type": "SetVariable",
														"dependsOn": [],
														"userProperties": [],
														"typeProperties": {
															"variableName": "task2Name",
															"value": {
																"value": "@item().name",
																"type": "Expression"
															}
														}
													}
												]
											}
										]
									}
								}
							]
						}
					},
					{
						"name": "SetVar",
						"type": "SetVariable",
						"dependsOn": [],
						"userProperties": [],
						"typeProperties": {
							"variableName": "json",
							"value": {
								"value": "{\n \"isBool\": @{if(pipeline().parameters.isBool, 'true', 'false')}\n}",
								"type": "Expression"
							}
						}
					}
				],
				"parameters": {
					"tasks": {
						"type": "array",
						"defaultValue": [
							{
								"id": 1,
								"name": "Task1"
							},
							{
								"id": 2,
								"name": "Task2"
							}
						]
					},
					"jobId": {
						"type": "int",
						"defaultValue": 1
					},
					"isBool": {
						"type": "bool",
						"defaultValue": true
					},
					"fileList": {
						"type": "string",
						"defaultValue": "one\\ntwo\\nthree"
					}
				},
				"variables": {
					"json": {
						"type": "String"
					},
					"task1Name": {
						"type": "String"
					},
					"task2Name": {
						"type": "String"
					},
					"output": {
						"type": "Array"
					}
				},
				"annotations": []
			},
			"dependsOn": []
		}
	]
}