{
	"$schema": "http://schema.management.azure.com/schemas/2015-01-01/deploymentTemplate.json#",
	"contentVersion": "1.0.0.0",
	"parameters": {
		"factoryName": {
			"type": "string",
			"metadata": "Data Factory name",
			"defaultValue": "tcp-azu0014-ae-adf-datacore-ipnd-nprod"
		}
	},
	"variables": {
		"factoryId": "[concat('Microsoft.DataFactory/factories/', parameters('factoryName'))]"
	},
	"resources": [
		{
			"name": "[concat(parameters('factoryName'), '/Sftp_sfx')]",
			"type": "Microsoft.DataFactory/factories/linkedServices",
			"apiVersion": "2018-06-01",
			"properties": {
				"annotations": [],
				"type": "Sftp",
				"typeProperties": {
					"host": "10.75.71.198",
					"port": 22,
					"skipHostKeyValidation": true,
					"authenticationType": "SshPublicKey",
					"userName": "DATACORE_ADF_SFX_P01",
					"privateKeyContent": {
						"type": "SecureString",
						"value": "**********"
					},
					"passPhrase": {
						"type": "SecureString",
						"value": "**********"
					}
				},
				"connectVia": {
					"referenceName": "datacore-ipnd-shir",
					"type": "IntegrationRuntimeReference"
				}
			},
			"dependsOn": []
		}
	]
}