{
	"$schema": "http://schema.management.azure.com/schemas/2015-01-01/deploymentTemplate.json#",
	"contentVersion": "1.0.0.0",
	"parameters": {
		"factoryName": {
			"type": "string",
			"metadata": "Data Factory name",
			"defaultValue": "tcp-azu0014-ae-adf-datacore-ipnd-nprod"
		}
	},
	"variables": {
		"factoryId": "[concat('Microsoft.DataFactory/factories/', parameters('factoryName'))]"
	},
	"resources": [
		{
			"name": "[concat(parameters('factoryName'), '/Copy_From_Source')]",
			"type": "Microsoft.DataFactory/factories/pipelines",
			"apiVersion": "2018-06-01",
			"properties": {
				"activities": [
					{
						"name": "List Files",
						"type": "GetMetadata",
						"dependsOn": [],
						"policy": {
							"timeout": "7.00:00:00",
							"retry": 0,
							"retryIntervalInSeconds": 30,
							"secureOutput": false,
							"secureInput": false
						},
						"userProperties": [],
						"typeProperties": {
							"dataset": {
								"referenceName": "ListSourceDirectoryAdls",
								"type": "DatasetReference",
								"parameters": {
									"ContainerName": {
										"value": "@string(pipeline().parameters.TaskParams.Parameters.ContainerName)",
										"type": "Expression"
									},
									"Path": {
										"value": "@string(pipeline().parameters.TaskParams.Parameters.SourcePath)",
										"type": "Expression"
									}
								}
							},
							"fieldList": [
								"itemName",
								"childItems"
							],
							"storeSettings": {
								"type": "AzureBlobFSReadSettings",
								"recursive": true,
								"enablePartitionDiscovery": false
							},
							"formatSettings": {
								"type": "BinaryReadSettings"
							}
						}
					},
					{
						"name": "FilterFiles",
						"description": "Call the azure function with list of files to pattern match and find triplets and copy it across.",
						"type": "AzureFunctionActivity",
						"dependsOn": [
							{
								"activity": "List Files",
								"dependencyConditions": [
									"Succeeded"
								]
							}
						],
						"policy": {
							"timeout": "7.00:00:00",
							"retry": 0,
							"retryIntervalInSeconds": 30,
							"secureOutput": false,
							"secureInput": false
						},
						"userProperties": [],
						"typeProperties": {
							"functionName": "filter_files",
							"method": "POST",
							"body": {
								"value": "@json(concat('{\"oDate\":\"',pipeline().parameters.ODate,'\",','\"fileList\":',activity('List Files').output.childItems,',','\"filePattern\":\"',pipeline().parameters.TaskParams.Parameters.FilePattern,'\",','\"fileCompressed\":\"',pipeline().parameters.TaskParams.Parameters.Compression,'\",','\"fileExtensions\":',pipeline().parameters.TaskParams.Parameters.FileExtension,',','\"taskRunId\":\"',pipeline().parameters.TaskParams.taskRun.id,'\",','\"jobRunId\":\"',pipeline().parameters.JobId,'\"}'))",
								"type": "Expression"
							}
						},
						"linkedServiceName": {
							"referenceName": "LinkedService_AFA",
							"type": "LinkedServiceReference"
						}
					},
					{
						"name": "Transfer Data",
						"type": "Copy",
						"dependsOn": [
							{
								"activity": "FilterFiles",
								"dependencyConditions": [
									"Succeeded"
								]
							}
						],
						"policy": {
							"timeout": "7.00:00:00",
							"retry": 0,
							"retryIntervalInSeconds": 30,
							"secureOutput": false,
							"secureInput": false
						},
						"userProperties": [],
						"typeProperties": {
							"source": {
								"type": "BinarySource",
								"storeSettings": {
									"type": "AzureBlobFSReadSettings",
									"fileListPath": {
										"value": "@concat('datacore','/','metadata','/','tmp','/',string(pipeline().parameters.JobId),'_',string(pipeline().parameters.TaskId),'.txt')",
										"type": "Expression"
									},
									"deleteFilesAfterCompletion": false
								},
								"formatSettings": {
									"type": "BinaryReadSettings"
								}
							},
							"sink": {
								"type": "BinarySink",
								"storeSettings": {
									"type": "AzureBlobFSWriteSettings"
								}
							},
							"enableStaging": false
						},
						"inputs": [
							{
								"referenceName": "SourceDataSet",
								"type": "DatasetReference",
								"parameters": {
									"Container": {
										"value": "@pipeline().parameters.TaskParams.Parameters.ContainerName",
										"type": "Expression"
									},
									"Path": {
										"value": "@pipeline().parameters.TaskParams.Parameters.SourcePath",
										"type": "Expression"
									}
								}
							}
						],
						"outputs": [
							{
								"referenceName": "TargetDataSet",
								"type": "DatasetReference",
								"parameters": {
									"Container": {
										"value": "@pipeline().parameters.TaskParams.Parameters.ContainerName",
										"type": "Expression"
									},
									"Path": {
										"value": "@pipeline().parameters.TaskParams.Parameters.TargetPath",
										"type": "Expression"
									}
								}
							}
						]
					}
				],
				"parameters": {
					"TaskParams": {
						"type": "object",
						"defaultValue": {
							"Sequence": 10,
							"JobId": 100,
							"ODate": "20210313",
							"Name": "CopyFromSource",
							"Params": {
								"ContainerName": "datacore",
								"SourcePath": "metadata/data/ipnd",
								"DestinationPath": "metadata/data/out",
								"FilePattern": "File_name_<YYYYMMDD>_*",
								"FileExtension": [
									"dat",
									"ctl",
									"eot"
								],
								"Compression": "false"
							},
							"TaskRun": {
								"id": 19,
								"status": "scheduled"
							}
						}
					},
					"TaskId": {
						"type": "string",
						"defaultValue": "10"
					},
					"JobId": {
						"type": "string",
						"defaultValue": "100"
					},
					"ODate": {
						"type": "string"
					}
				},
				"folder": {
					"name": "Datacore-Framework-Pipelines"
				},
				"annotations": []
			},
			"dependsOn": []
		},
		{
			"name": "[concat(parameters('factoryName'), '/main')]",
			"type": "Microsoft.DataFactory/factories/pipelines",
			"apiVersion": "2018-06-01",
			"properties": {
				"description": "This is the main pipeline called by the runjob function upon each job trigger",
				"activities": [
					{
						"name": "LoopThroughJobTasks",
						"description": "This activity takes the list of tasks from given job.json and processes them in sequence",
						"type": "ForEach",
						"dependsOn": [],
						"userProperties": [],
						"typeProperties": {
							"items": {
								"value": "@pipeline().parameters.taskParams",
								"type": "Expression"
							},
							"isSequential": true,
							"activities": [
								{
									"name": "SetCurrentTaskName",
									"description": "Sets the value of current task name",
									"type": "SetVariable",
									"dependsOn": [],
									"userProperties": [],
									"typeProperties": {
										"variableName": "CurrentTaskName",
										"value": {
											"value": "@item().pipelineName",
											"type": "Expression"
										}
									}
								},
								{
									"name": "SetCurrentTaskId",
									"description": "Sets the current task id being executed",
									"type": "SetVariable",
									"dependsOn": [],
									"userProperties": [],
									"typeProperties": {
										"variableName": "CurrentTaskId",
										"value": {
											"value": "@string(item().TaskRun.id)",
											"type": "Expression"
										}
									}
								},
								{
									"name": "SetCurrentTaskParams",
									"description": "Carries the task parameters provided as input from the job parameters\n",
									"type": "SetVariable",
									"dependsOn": [],
									"userProperties": [],
									"typeProperties": {
										"variableName": "CurrentTaskParams",
										"value": {
											"value": "@string(item())",
											"type": "Expression"
										}
									}
								},
								{
									"name": "ExecuteCurrentTaskPipeline",
									"description": "The tasks match the current task to its pipeline and passes on the incoming parameters",
									"type": "Switch",
									"dependsOn": [
										{
											"activity": "SetCurrentTaskParams",
											"dependencyConditions": [
												"Succeeded"
											]
										},
										{
											"activity": "SetCurrentTaskId",
											"dependencyConditions": [
												"Succeeded"
											]
										},
										{
											"activity": "SetCurrentTaskName",
											"dependencyConditions": [
												"Succeeded"
											]
										},
										{
											"activity": "SetODate",
											"dependencyConditions": [
												"Succeeded"
											]
										}
									],
									"userProperties": [],
									"typeProperties": {
										"on": {
											"value": "@if(equals(json(variables('CurrentTaskParams')).TaskRun.status,'scheduled'),variables('CurrentTaskName'),'TaskNotScheduled')",
											"type": "Expression"
										},
										"cases": [
											{
												"value": "Copy_From_Source",
												"activities": [
													{
														"name": "ExecuteCopyFromSourcePipeline",
														"description": "This activity calls the task pipeline matching the input task name",
														"type": "ExecutePipeline",
														"dependsOn": [],
														"userProperties": [],
														"typeProperties": {
															"pipeline": {
																"referenceName": "Copy_From_Source",
																"type": "PipelineReference"
															},
															"waitOnCompletion": true,
															"parameters": {
																"TaskParams": {
																	"value": "@variables('CurrentTaskParams')",
																	"type": "Expression"
																},
																"TaskId": {
																	"value": "@variables('CurrentTaskId')",
																	"type": "Expression"
																},
																"JobId": {
																	"value": "@pipeline().parameters.jobRunId",
																	"type": "Expression"
																},
																"ODate": {
																	"value": "@pipeline().parameters.oDate",
																	"type": "Expression"
																}
															}
														}
													}
												]
											},
											{
												"value": "TaskNotScheduled",
												"activities": [
													{
														"name": "ExecuteTaskNotScheduledPipeline",
														"type": "ExecutePipeline",
														"dependsOn": [],
														"userProperties": [],
														"typeProperties": {
															"pipeline": {
																"referenceName": "DumbPipeline",
																"type": "PipelineReference"
															},
															"waitOnCompletion": true
														}
													}
												]
											}
										]
									}
								},
								{
									"name": "SetODate",
									"type": "SetVariable",
									"dependsOn": [],
									"userProperties": [],
									"typeProperties": {
										"variableName": "CuurentODate",
										"value": {
											"value": "@pipeline().parameters.oDate",
											"type": "Expression"
										}
									}
								}
							]
						}
					}
				],
				"concurrency": 10,
				"parameters": {
					"taskParams": {
						"type": "array"
					},
					"jobRunId": {
						"type": "int"
					},
					"oDate": {
						"type": "string"
					}
				},
				"variables": {
					"CurrentTaskName": {
						"type": "String"
					},
					"CurrentTaskId": {
						"type": "String"
					},
					"CurrentTaskParams": {
						"type": "String"
					},
					"CuurentODate": {
						"type": "String"
					}
				},
				"folder": {
					"name": "Datacore-Framework-Pipelines"
				},
				"annotations": []
			},
			"dependsOn": [
				"[concat(variables('factoryId'), '/pipelines/Copy_From_Source')]"
			]
		}
	]
}