{
	"$schema": "http://schema.management.azure.com/schemas/2015-01-01/deploymentTemplate.json#",
	"contentVersion": "1.0.0.0",
	"parameters": {
		"factoryName": {
			"type": "string",
			"metadata": "Data Factory name",
			"defaultValue": "tcp-azu0014-ae-adf-datacore-ipnd-nprod"
		}
	},
	"variables": {
		"factoryId": "[concat('Microsoft.DataFactory/factories/', parameters('factoryName'))]"
	},
	"resources": [
		{
			"name": "[concat(parameters('factoryName'), '/InvokePYSparkApp')]",
			"type": "Microsoft.DataFactory/factories/pipelines",
			"apiVersion": "2018-06-01",
			"properties": {
				"activities": [
					{
						"name": "getDBCluster",
						"type": "AzureFunctionActivity",
						"dependsOn": [],
						"policy": {
							"timeout": "7.00:00:00",
							"retry": 0,
							"retryIntervalInSeconds": 30,
							"secureOutput": false,
							"secureInput": false
						},
						"userProperties": [],
						"typeProperties": {
							"functionName": "invoke_spark_jar_task",
							"method": "POST",
							"body": {
								"value": "{\"oDate\": \"@{pipeline().parameters.oDate}\", \"environment\" : \"@{pipeline().parameters.environment}\", \"jobRunId\": @{pipeline().parameters.jobRunId}, \"taskRunId\": @{pipeline().parameters.taskRunId}, \"taskType\": \"@{pipeline().parameters.taskType}\", \"mainClass\" : \"@{pipeline().parameters.mainClass}\"}",
								"type": "Expression"
							}
						},
						"linkedServiceName": {
							"referenceName": "LinkedService_AFA",
							"type": "LinkedServiceReference"
						}
					},
					{
						"name": "runPY",
						"type": "DatabricksSparkPython",
						"dependsOn": [
							{
								"activity": "getDBCluster",
								"dependencyConditions": [
									"Succeeded"
								]
							}
						],
						"policy": {
							"timeout": "7.00:00:00",
							"retry": 0,
							"retryIntervalInSeconds": 30,
							"secureOutput": false,
							"secureInput": false
						},
						"userProperties": [],
						"typeProperties": {
							"pythonFile": {
								"value": "@activity('getDBCluster').output.executablePath",
								"type": "Expression"
							},
							"parameters": [
								"/dbfs/FileStore/patterns/@{activity('getDBCluster').output.environment}/standardization_config.json",
								"@activity('getDBCluster').output.schemaPath",
								"@{activity('getDBCluster').output.oDate}",
								"@{activity('getDBCluster').output.taskRunId}",
								"@{activity('getDBCluster').output.environment}"
							],
							"libraries": [
								{
									"egg": "dbfs:/FileStore/patterns/@{activity('getDBCluster').output.environment}/@{pipeline().parameters.taskType}.zip"
								}
							]
						},
						"linkedServiceName": {
							"referenceName": "AzureDatabricks1",
							"type": "LinkedServiceReference"
						}
					}
				],
				"parameters": {
					"jobRunId": {
						"type": "string"
					},
					"oDate": {
						"type": "string"
					},
					"environment": {
						"type": "string"
					},
					"taskType": {
						"type": "string"
					},
					"taskRunId": {
						"type": "string"
					},
					"mainClass": {
						"type": "string"
					}
				},
				"folder": {
					"name": "DatacoreTaskPipelines/Common"
				},
				"annotations": []
			},
			"dependsOn": []
		},
		{
			"name": "[concat(parameters('factoryName'), '/KeyMapApply')]",
			"type": "Microsoft.DataFactory/factories/pipelines",
			"apiVersion": "2018-06-01",
			"properties": {
				"activities": [
					{
						"name": "SetTaskPipelineRunId",
						"type": "SetVariable",
						"dependsOn": [],
						"userProperties": [],
						"typeProperties": {
							"variableName": "TaskRunUuid",
							"value": {
								"value": "@pipeline().RunId",
								"type": "Expression"
							}
						}
					},
					{
						"name": "UpdateTaskStatusToRunning",
						"type": "AzureFunctionActivity",
						"dependsOn": [
							{
								"activity": "SetTaskPipelineRunId",
								"dependencyConditions": [
									"Succeeded"
								]
							}
						],
						"policy": {
							"timeout": "7.00:00:00",
							"retry": 0,
							"retryIntervalInSeconds": 30,
							"secureOutput": false,
							"secureInput": false
						},
						"userProperties": [],
						"typeProperties": {
							"functionName": "update_task_status",
							"method": "POST",
							"body": {
								"value": "{\n    \"status\": \"running\",\n    \"taskRunId\": @{pipeline().parameters.taskRunId},\n    \"taskRunUuid\": \"@{variables('TaskRunUuid')}\"\n}",
								"type": "Expression"
							}
						},
						"linkedServiceName": {
							"referenceName": "LinkedService_AFA",
							"type": "LinkedServiceReference"
						}
					},
					{
						"name": "ExecuteKeyMapApply",
						"type": "ExecutePipeline",
						"dependsOn": [
							{
								"activity": "UpdateTaskStatusToRunning",
								"dependencyConditions": [
									"Succeeded"
								]
							}
						],
						"userProperties": [],
						"typeProperties": {
							"pipeline": {
								"referenceName": "InvokePYSparkApp",
								"type": "PipelineReference"
							},
							"waitOnCompletion": true,
							"parameters": {
								"jobRunId": {
									"value": "@pipeline().parameters.jobRunId",
									"type": "Expression"
								},
								"oDate": {
									"value": "@pipeline().parameters.oDate",
									"type": "Expression"
								},
								"environment": {
									"value": "@pipeline().parameters.environment",
									"type": "Expression"
								},
								"taskType": {
									"value": "@pipeline().parameters.taskType",
									"type": "Expression"
								},
								"taskRunId": {
									"value": "@pipeline().parameters.taskRunId",
									"type": "Expression"
								},
								"mainClass": {
									"value": "@pipeline().parameters.mainClass",
									"type": "Expression"
								}
							}
						}
					}
				],
				"parameters": {
					"jobRunId": {
						"type": "string"
					},
					"oDate": {
						"type": "string"
					},
					"environment": {
						"type": "string"
					},
					"taskType": {
						"type": "string"
					},
					"taskRunId": {
						"type": "string"
					},
					"mainClass": {
						"type": "string"
					}
				},
				"variables": {
					"TaskRunUuid": {
						"type": "String"
					}
				},
				"folder": {
					"name": "DatacoreTaskPipelines"
				},
				"annotations": []
			},
			"dependsOn": [
				"[concat(variables('factoryId'), '/pipelines/InvokePYSparkApp')]"
			]
		}
	]
}