{
	"$schema": "http://schema.management.azure.com/schemas/2015-01-01/deploymentTemplate.json#",
	"contentVersion": "1.0.0.0",
	"parameters": {
		"factoryName": {
			"type": "string",
			"metadata": "Data Factory name",
			"defaultValue": "tcp-azu0014-ae-adf-datacore-ipnd-nprod"
		}
	},
	"variables": {
		"factoryId": "[concat('Microsoft.DataFactory/factories/', parameters('factoryName'))]"
	},
	"resources": [
		{
			"name": "[concat(parameters('factoryName'), '/InvokeJARSparkApp')]",
			"type": "Microsoft.DataFactory/factories/pipelines",
			"apiVersion": "2018-06-01",
			"properties": {
				"activities": [
					{
						"name": "getDBCluster",
						"type": "AzureFunctionActivity",
						"dependsOn": [],
						"policy": {
							"timeout": "7.00:00:00",
							"retry": 0,
							"retryIntervalInSeconds": 30,
							"secureOutput": false,
							"secureInput": false
						},
						"userProperties": [],
						"typeProperties": {
							"functionName": "invoke_spark_jar_task",
							"method": "POST",
							"body": {
								"value": "{\"oDate\": \"@{pipeline().parameters.oDate}\", \"environment\" : \"@{pipeline().parameters.environment}\", \"jobRunId\": @{pipeline().parameters.jobRunId}, \"taskRunId\": @{pipeline().parameters.taskRunId}, \"name\": \"@{pipeline().parameters.taskName}\", \"mainClass\" : \"@{pipeline().parameters.mainClass}\"}",
								"type": "Expression"
							}
						},
						"linkedServiceName": {
							"referenceName": "LinkedService_AFA",
							"type": "LinkedServiceReference"
						}
					},
					{
						"name": "runJAR",
						"type": "DatabricksSparkJar",
						"dependsOn": [
							{
								"activity": "getDBCluster",
								"dependencyConditions": [
									"Succeeded"
								]
							}
						],
						"policy": {
							"timeout": "7.00:00:00",
							"retry": 0,
							"retryIntervalInSeconds": 30,
							"secureOutput": false,
							"secureInput": false
						},
						"userProperties": [],
						"typeProperties": {
							"mainClassName": {
								"value": "@{pipeline().parameters.mainClass}",
								"type": "Expression"
							},
							"parameters": [
								"@activity('getDBCluster').output.jobConfigPath",
								"@{activity('getDBCluster').output.schemaPath}",
								"@{activity('getDBCluster').output.jobName}",
								"@pipeline().parameters.oDate",
								"@pipeline().parameters.environment",
								"@{activity('getDBCluster').output.jobRunId}",
								"@{activity('getDBCluster').output.taskRunId}"
							],
							"libraries": [
								{
									"jar": "@activity('getDBCluster').output.executablePath"
								}
							]
						},
						"linkedServiceName": {
							"referenceName": "LinkedService_Databricks",
							"type": "LinkedServiceReference"
						}
					}
				],
				"parameters": {
					"jobRunId": {
						"type": "int",
						"defaultValue": 386
					},
					"oDate": {
						"type": "string",
						"defaultValue": "20210907"
					},
					"environment": {
						"type": "string",
						"defaultValue": "E01"
					},
					"taskName": {
						"type": "string",
						"defaultValue": "ConformInterface"
					},
					"taskRunId": {
						"type": "int",
						"defaultValue": 627
					},
					"mainClass": {
						"type": "string",
						"defaultValue": "ConformInterface"
					}
				},
				"folder": {
					"name": "DatacoreTaskPipelines/Common"
				},
				"annotations": [],
				"lastPublishTime": "2021-10-01T01:08:01Z"
			},
			"dependsOn": []
		}
	]
}