{
	"$schema": "http://schema.management.azure.com/schemas/2015-01-01/deploymentTemplate.json#",
	"contentVersion": "1.0.0.0",
	"parameters": {
		"factoryName": {
			"type": "string",
			"metadata": "Data Factory name",
			"defaultValue": "tcp-azu0014-ae-adf-datacore-ipnd-nprod"
		}
	},
	"variables": {
		"factoryId": "[concat('Microsoft.DataFactory/factories/', parameters('factoryName'))]"
	},
	"resources": [
		{
			"name": "[concat(parameters('factoryName'), '/DynamicsAX1test')]",
			"type": "Microsoft.DataFactory/factories/linkedServices",
			"apiVersion": "2018-06-01",
			"properties": {
				"annotations": [],
				"type": "DynamicsAX",
				"typeProperties": {
					"url": "https://tuposgold.sandbox.operations.dynamics.com/data",
					"tenant": "6179e389-052d-4ab0-a4ff-c8b5f09153aa",
					"aadResourceId": "https://tuposgold.sandbox.operations.dynamics.com",
					"servicePrincipalId": "a1d0caf4-bfb8-41e7-885a-0e50243d3bfa",
					"servicePrincipalKey": {
						"type": "SecureString",
						"value": "**********"
					}
				},
				"connectVia": {
					"referenceName": "datacore-ipnd-shir",
					"type": "IntegrationRuntimeReference"
				}
			},
			"dependsOn": []
		}
	]
}