{
	"$schema": "http://schema.management.azure.com/schemas/2015-01-01/deploymentTemplate.json#",
	"contentVersion": "1.0.0.0",
	"parameters": {
		"factoryName": {
			"type": "string",
			"metadata": "Data Factory name",
			"defaultValue": "tcp-azu0014-ae-adf-datacore-ipnd-nprod"
		}
	},
	"variables": {
		"factoryId": "[concat('Microsoft.DataFactory/factories/', parameters('factoryName'))]"
	},
	"resources": [
		{
			"name": "[concat(parameters('factoryName'), '/LinkedService_Datacore_Data')]",
			"type": "Microsoft.DataFactory/factories/linkedServices",
			"apiVersion": "2018-06-01",
			"properties": {
				"annotations": [],
				"type": "AzureBlobFS",
				"typeProperties": {
					"url": "https://tcp0014vsdatacoreipndnpd.dfs.core.windows.net"
				},
				"connectVia": {
					"referenceName": "datacore-adf-shir",
					"type": "IntegrationRuntimeReference"
				}
			},
			"dependsOn": []
		}
	]
}