{
	"$schema": "http://schema.management.azure.com/schemas/2015-01-01/deploymentTemplate.json#",
	"contentVersion": "1.0.0.0",
	"parameters": {
		"factoryName": {
			"type": "string",
			"metadata": "Data Factory name",
			"defaultValue": "tcp-azu0014-ae-adf-datacore-ipnd-nprod"
		}
	},
	"variables": {
		"factoryId": "[concat('Microsoft.DataFactory/factories/', parameters('factoryName'))]"
	},
	"resources": [
		{
			"name": "[concat(parameters('factoryName'), '/main')]",
			"type": "Microsoft.DataFactory/factories/pipelines",
			"apiVersion": "2018-06-01",
			"properties": {
				"description": "This is the main pipeline called by the runjob function upon each job trigger",
				"activities": [
					{
						"name": "LoopThroughJobTasks",
						"description": "This activity takes the list of tasks from given job.json and processes them in sequence",
						"type": "ForEach",
						"dependsOn": [],
						"userProperties": [],
						"typeProperties": {
							"items": {
								"value": "@pipeline().parameters.taskParams",
								"type": "Expression"
							},
							"isSequential": true,
							"activities": [
								{
									"name": "SetCurrentTaskName",
									"description": "Sets the value of current task name",
									"type": "SetVariable",
									"dependsOn": [],
									"userProperties": [],
									"typeProperties": {
										"variableName": "CurrentTaskName",
										"value": {
											"value": "@item().pipelineName",
											"type": "Expression"
										}
									}
								},
								{
									"name": "SetCurrentTaskId",
									"description": "Sets the current task id being executed",
									"type": "SetVariable",
									"dependsOn": [],
									"userProperties": [],
									"typeProperties": {
										"variableName": "CurrentTaskId",
										"value": {
											"value": "@string(item().TaskRun.id)",
											"type": "Expression"
										}
									}
								},
								{
									"name": "SetCurrentTaskParams",
									"description": "Carries the task parameters provided as input from the job parameters\n",
									"type": "SetVariable",
									"dependsOn": [],
									"userProperties": [],
									"typeProperties": {
										"variableName": "CurrentTaskParams",
										"value": {
											"value": "@string(item())",
											"type": "Expression"
										}
									}
								},
								{
									"name": "ExecuteCurrentTaskPipeline",
									"description": "The tasks match the current task to its pipeline and passes on the incoming parameters",
									"type": "Switch",
									"dependsOn": [
										{
											"activity": "SetCurrentTaskParams",
											"dependencyConditions": [
												"Succeeded"
											]
										},
										{
											"activity": "SetCurrentTaskId",
											"dependencyConditions": [
												"Succeeded"
											]
										},
										{
											"activity": "SetCurrentTaskName",
											"dependencyConditions": [
												"Succeeded"
											]
										},
										{
											"activity": "SetODate",
											"dependencyConditions": [
												"Succeeded"
											]
										}
									],
									"userProperties": [],
									"typeProperties": {
										"on": {
											"value": "@if(equals(json(variables('CurrentTaskParams')).TaskRun.status,'scheduled'),variables('CurrentTaskName'),'TaskNotScheduled')",
											"type": "Expression"
										},
										"cases": [
											{
												"value": "Copy_From_Source",
												"activities": [
													{
														"name": "ExecuteCopyFromSourcePipeline",
														"description": "This activity calls the task pipeline matching the input task name",
														"type": "ExecutePipeline",
														"dependsOn": [],
														"userProperties": [],
														"typeProperties": {
															"pipeline": {
																"referenceName": "Copy_From_Source",
																"type": "PipelineReference"
															},
															"waitOnCompletion": true,
															"parameters": {
																"TaskParams": {
																	"value": "@json(variables('CurrentTaskParams'))",
																	"type": "Expression"
																},
																"TaskId": {
																	"value": "@variables('CurrentTaskId')",
																	"type": "Expression"
																},
																"JobId": {
																	"value": "@pipeline().parameters.jobRunId",
																	"type": "Expression"
																},
																"ODate": {
																	"value": "@pipeline().parameters.oDate",
																	"type": "Expression"
																}
															}
														}
													},
													{
														"name": "UpdateTaskStatusCompleted",
														"type": "AzureFunctionActivity",
														"dependsOn": [
															{
																"activity": "ExecuteCopyFromSourcePipeline",
																"dependencyConditions": [
																	"Succeeded"
																]
															}
														],
														"policy": {
															"timeout": "7.00:00:00",
															"retry": 0,
															"retryIntervalInSeconds": 30,
															"secureOutput": false,
															"secureInput": false
														},
														"userProperties": [],
														"typeProperties": {
															"functionName": "update_task_status",
															"method": "POST",
															"body": {
																"value": "@json(concat('{\"status\":','\"completed\",','\"taskRunId\":',variables('CurrentTaskId'),',','\"taskRunUuid\":\"',activity('ExecuteCopyFromSourcePipeline').output.pipelineRunId,'\"}'))",
																"type": "Expression"
															}
														},
														"linkedServiceName": {
															"referenceName": "LinkedService_AFA",
															"type": "LinkedServiceReference"
														}
													},
													{
														"name": "UpdateTaskStatusFailed",
														"type": "AzureFunctionActivity",
														"dependsOn": [
															{
																"activity": "ExecuteCopyFromSourcePipeline",
																"dependencyConditions": [
																	"Failed"
																]
															}
														],
														"policy": {
															"timeout": "7.00:00:00",
															"retry": 0,
															"retryIntervalInSeconds": 30,
															"secureOutput": false,
															"secureInput": false
														},
														"userProperties": [],
														"typeProperties": {
															"functionName": "update_task_status",
															"method": "POST",
															"body": {
																"value": "@json(concat('{\"status\":','\"failed\",','\"taskRunId\":',variables('CurrentTaskId'),',','\"taskRunUuid\":\"',activity('ExecuteCopyFromSourcePipeline').output.pipelineRunId,'\"}'))",
																"type": "Expression"
															}
														},
														"linkedServiceName": {
															"referenceName": "LinkedService_AFA",
															"type": "LinkedServiceReference"
														}
													},
													{
														"name": "CancelJob",
														"type": "AzureFunctionActivity",
														"dependsOn": [
															{
																"activity": "UpdateTaskStatusFailed",
																"dependencyConditions": [
																	"Succeeded"
																]
															}
														],
														"policy": {
															"timeout": "7.00:00:00",
															"retry": 0,
															"retryIntervalInSeconds": 30,
															"secureOutput": false,
															"secureInput": false
														},
														"userProperties": [],
														"typeProperties": {
															"functionName": "cancel_job_run",
															"method": "POST",
															"body": {
																"value": "@json(concat('{\"taskRunId\":',variables('CurrentTaskId'),'}'))",
																"type": "Expression"
															}
														},
														"linkedServiceName": {
															"referenceName": "LinkedService_AFA",
															"type": "LinkedServiceReference"
														}
													}
												]
											},
											{
												"value": "TaskNotScheduled",
												"activities": [
													{
														"name": "ExecuteTaskNotScheduledPipeline",
														"type": "ExecutePipeline",
														"dependsOn": [],
														"userProperties": [],
														"typeProperties": {
															"pipeline": {
																"referenceName": "DumbPipeline",
																"type": "PipelineReference"
															},
															"waitOnCompletion": true
														}
													}
												]
											}
										]
									}
								},
								{
									"name": "SetODate",
									"type": "SetVariable",
									"dependsOn": [],
									"userProperties": [],
									"typeProperties": {
										"variableName": "CuurentODate",
										"value": {
											"value": "@pipeline().parameters.oDate",
											"type": "Expression"
										}
									}
								}
							]
						}
					},
					{
						"name": "UpdateJobStatus",
						"type": "AzureFunctionActivity",
						"dependsOn": [
							{
								"activity": "LoopThroughJobTasks",
								"dependencyConditions": [
									"Succeeded"
								]
							}
						],
						"policy": {
							"timeout": "7.00:00:00",
							"retry": 0,
							"retryIntervalInSeconds": 30,
							"secureOutput": false,
							"secureInput": false
						},
						"userProperties": [],
						"typeProperties": {
							"functionName": "update_job_status",
							"method": "POST",
							"body": {
								"value": "@json(concat('{\"status\":','\"completed\",','\"jobRunId\":',string(pipeline().parameters.jobRunId),',','\"jobRunUuid\":\"',pipeline().RunId,'\"}'))",
								"type": "Expression"
							}
						},
						"linkedServiceName": {
							"referenceName": "LinkedService_AFA",
							"type": "LinkedServiceReference"
						}
					}
				],
				"concurrency": 10,
				"parameters": {
					"taskParams": {
						"type": "array"
					},
					"jobRunId": {
						"type": "int"
					},
					"oDate": {
						"type": "string"
					}
				},
				"variables": {
					"CurrentTaskName": {
						"type": "String"
					},
					"CurrentTaskId": {
						"type": "String"
					},
					"CurrentTaskParams": {
						"type": "String"
					},
					"CuurentODate": {
						"type": "String"
					}
				},
				"folder": {
					"name": "Datacore-Framework-Pipelines"
				},
				"annotations": []
			},
			"dependsOn": []
		}
	]
}