{
	"$schema": "http://schema.management.azure.com/schemas/2015-01-01/deploymentTemplate.json#",
	"contentVersion": "1.0.0.0",
	"parameters": {
		"factoryName": {
			"type": "string",
			"metadata": "Data Factory name",
			"defaultValue": "tcp-azu0014-ae-adf-datacore-ipnd-nprod"
		}
	},
	"variables": {
		"factoryId": "[concat('Microsoft.DataFactory/factories/', parameters('factoryName'))]"
	},
	"resources": [
		{
			"name": "[concat(parameters('factoryName'), '/CopyFromSource')]",
			"type": "Microsoft.DataFactory/factories/pipelines",
			"apiVersion": "2018-06-01",
			"properties": {
				"activities": [
					{
						"name": "List Files",
						"type": "GetMetadata",
						"dependsOn": [
							{
								"activity": "UpdateRunning",
								"dependencyConditions": [
									"Succeeded"
								]
							}
						],
						"policy": {
							"timeout": "7.00:00:00",
							"retry": 0,
							"retryIntervalInSeconds": 30,
							"secureOutput": false,
							"secureInput": false
						},
						"userProperties": [],
						"typeProperties": {
							"dataset": {
								"referenceName": "ListSourceDirectoryAdls",
								"type": "DatasetReference",
								"parameters": {
									"ContainerName": {
										"value": "@string(pipeline().parameters.TaskParams.Parameters.ContainerName)",
										"type": "Expression"
									},
									"Path": {
										"value": "@string(pipeline().parameters.TaskParams.Parameters.SourcePath)",
										"type": "Expression"
									}
								}
							},
							"fieldList": [
								"itemName",
								"childItems"
							],
							"storeSettings": {
								"type": "AzureBlobFSReadSettings",
								"recursive": true,
								"enablePartitionDiscovery": false
							},
							"formatSettings": {
								"type": "BinaryReadSettings"
							}
						}
					},
					{
						"name": "FilterFiles",
						"description": "Call the azure function with list of files to pattern match and find triplets and copy it across.",
						"type": "AzureFunctionActivity",
						"dependsOn": [
							{
								"activity": "List Files",
								"dependencyConditions": [
									"Succeeded"
								]
							}
						],
						"policy": {
							"timeout": "7.00:00:00",
							"retry": 0,
							"retryIntervalInSeconds": 30,
							"secureOutput": false,
							"secureInput": false
						},
						"userProperties": [],
						"typeProperties": {
							"functionName": "filter_files",
							"method": "POST",
							"body": {
								"value": "@json(concat('{\"oDate\":\"',pipeline().parameters.ODate,'\",','\"fileList\":',activity('List Files').output.childItems,',','\"filePattern\":\"',pipeline().parameters.TaskParams.Parameters.FilePattern,'\",','\"fileCompressed\":\"',pipeline().parameters.TaskParams.Parameters.Compression,'\",','\"fileExtensions\":',pipeline().parameters.TaskParams.Parameters.FileExtension,',','\"taskRunId\":\"',pipeline().parameters.TaskParams.taskRun.id,'\",','\"jobRunId\":\"',pipeline().parameters.JobId,'\"}'))",
								"type": "Expression"
							}
						},
						"linkedServiceName": {
							"referenceName": "LinkedService_AFA",
							"type": "LinkedServiceReference"
						}
					},
					{
						"name": "Transfer Data",
						"type": "Copy",
						"dependsOn": [
							{
								"activity": "FilterFiles",
								"dependencyConditions": [
									"Succeeded"
								]
							}
						],
						"policy": {
							"timeout": "7.00:00:00",
							"retry": 0,
							"retryIntervalInSeconds": 30,
							"secureOutput": false,
							"secureInput": false
						},
						"userProperties": [],
						"typeProperties": {
							"source": {
								"type": "BinarySource",
								"storeSettings": {
									"type": "AzureBlobFSReadSettings",
									"fileListPath": {
										"value": "@concat('datacore','/','metadata','/','tmp','/',string(pipeline().parameters.JobId),'_',string(pipeline().parameters.TaskId),'.txt')",
										"type": "Expression"
									},
									"deleteFilesAfterCompletion": false
								},
								"formatSettings": {
									"type": "BinaryReadSettings"
								}
							},
							"sink": {
								"type": "BinarySink",
								"storeSettings": {
									"type": "AzureBlobFSWriteSettings"
								}
							},
							"enableStaging": false
						},
						"inputs": [
							{
								"referenceName": "SourceDataSet",
								"type": "DatasetReference",
								"parameters": {
									"Container": {
										"value": "@pipeline().parameters.TaskParams.Parameters.ContainerName",
										"type": "Expression"
									},
									"Path": {
										"value": "@pipeline().parameters.TaskParams.Parameters.SourcePath",
										"type": "Expression"
									}
								}
							}
						],
						"outputs": [
							{
								"referenceName": "TargetDataSet",
								"type": "DatasetReference",
								"parameters": {
									"Container": {
										"value": "@pipeline().parameters.TaskParams.Parameters.ContainerName",
										"type": "Expression"
									},
									"Path": {
										"value": "@pipeline().parameters.TaskParams.Parameters.TargetPath",
										"type": "Expression"
									}
								}
							}
						]
					},
					{
						"name": "UpdateRunning",
						"type": "AzureFunctionActivity",
						"dependsOn": [
							{
								"activity": "SetTaskPipelineRunId",
								"dependencyConditions": [
									"Succeeded"
								]
							}
						],
						"policy": {
							"timeout": "7.00:00:00",
							"retry": 0,
							"retryIntervalInSeconds": 30,
							"secureOutput": false,
							"secureInput": false
						},
						"userProperties": [],
						"typeProperties": {
							"functionName": "update_task_status",
							"method": "POST",
							"body": {
								"value": "@json(concat('{\"status\":','\"running\",','\"taskRunId\":',pipeline().parameters.TaskId,',','\"taskRunUuid\":\"',variables('TaskPipelineRunId'),'\"}'))",
								"type": "Expression"
							}
						},
						"linkedServiceName": {
							"referenceName": "LinkedService_AFA",
							"type": "LinkedServiceReference"
						}
					},
					{
						"name": "SetTaskPipelineRunId",
						"type": "SetVariable",
						"dependsOn": [],
						"userProperties": [],
						"typeProperties": {
							"variableName": "TaskPipelineRunId",
							"value": {
								"value": "@pipeline().RunId",
								"type": "Expression"
							}
						}
					}
				],
				"parameters": {
					"TaskParams": {
						"type": "object",
						"defaultValue": {
							"Sequence": 10,
							"JobId": 100,
							"ODate": "20210313",
							"Name": "CopyFromSource",
							"Params": {
								"ContainerName": "datacore",
								"SourcePath": "metadata/data/ipnd",
								"DestinationPath": "metadata/data/out",
								"FilePattern": "File_name_<YYYYMMDD>_*",
								"FileExtension": [
									"dat",
									"ctl",
									"eot"
								],
								"Compression": "false"
							},
							"TaskRun": {
								"id": 19,
								"status": "scheduled"
							}
						}
					},
					"TaskId": {
						"type": "string",
						"defaultValue": "10"
					},
					"JobId": {
						"type": "string",
						"defaultValue": "100"
					},
					"ODate": {
						"type": "string"
					}
				},
				"variables": {
					"TaskPipelineRunId": {
						"type": "String"
					}
				},
				"folder": {
					"name": "Datacore-Framework-Pipelines"
				},
				"annotations": []
			},
			"dependsOn": []
		},
		{
			"name": "[concat(parameters('factoryName'), '/az_test')]",
			"type": "Microsoft.DataFactory/factories/pipelines",
			"apiVersion": "2018-06-01",
			"properties": {
				"activities": [
					{
						"name": "Copy data1",
						"type": "Copy",
						"dependsOn": [],
						"policy": {
							"timeout": "7.00:00:00",
							"retry": 0,
							"retryIntervalInSeconds": 30,
							"secureOutput": false,
							"secureInput": false
						},
						"userProperties": [],
						"typeProperties": {
							"source": {
								"type": "BinarySource",
								"storeSettings": {
									"type": "SftpReadSettings",
									"recursive": true,
									"wildcardFolderPath": "E01/azure/src/land",
									"wildcardFileName": "*",
									"deleteFilesAfterCompletion": false
								},
								"formatSettings": {
									"type": "BinaryReadSettings"
								}
							},
							"sink": {
								"type": "BinarySink",
								"storeSettings": {
									"type": "SftpWriteSettings",
									"operationTimeout": "01:00:00",
									"useTempFileRename": true
								}
							},
							"enableStaging": false
						},
						"inputs": [
							{
								"referenceName": "CSADataSetInbound",
								"type": "DatasetReference"
							}
						],
						"outputs": [
							{
								"referenceName": "CSADataSetOutbound",
								"type": "DatasetReference"
							}
						]
					}
				],
				"folder": {
					"name": "Datacore-Framework-Pipelines"
				},
				"annotations": []
			},
			"dependsOn": [
				"[concat(variables('factoryId'), '/datasets/CSADataSetInbound')]",
				"[concat(variables('factoryId'), '/datasets/CSADataSetOutbound')]"
			]
		},
		{
			"name": "[concat(parameters('factoryName'), '/databricks_test')]",
			"type": "Microsoft.DataFactory/factories/pipelines",
			"apiVersion": "2018-06-01",
			"properties": {
				"activities": [
					{
						"name": "Jar1",
						"type": "DatabricksSparkJar",
						"dependsOn": [],
						"policy": {
							"timeout": "7.00:00:00",
							"retry": 0,
							"retryIntervalInSeconds": 30,
							"secureOutput": false,
							"secureInput": false
						},
						"userProperties": [],
						"typeProperties": {
							"mainClassName": "com.telstra.datacore.SparkApp",
							"parameters": [],
							"libraries": [
								{
									"jar": "dbfs:/FileStore/jars/30e7e42c_d167_4f91_ab54_6bbe997421f5-spark_databricks_test_2_12_0_1-1e17b.jar"
								}
							]
						},
						"linkedServiceName": {
							"referenceName": "AzureDatabricks1",
							"type": "LinkedServiceReference"
						}
					}
				],
				"annotations": []
			},
			"dependsOn": [
				"[concat(variables('factoryId'), '/linkedServices/AzureDatabricks1')]"
			]
		},
		{
			"name": "[concat(parameters('factoryName'), '/main')]",
			"type": "Microsoft.DataFactory/factories/pipelines",
			"apiVersion": "2018-06-01",
			"properties": {
				"description": "This is the main pipeline called by the runjob function upon each job trigger",
				"activities": [
					{
						"name": "LoopThroughJobTasks",
						"description": "This activity takes the list of tasks from given job.json and processes them in sequence",
						"type": "ForEach",
						"dependsOn": [],
						"userProperties": [],
						"typeProperties": {
							"items": {
								"value": "@pipeline().parameters.taskParams",
								"type": "Expression"
							},
							"isSequential": true,
							"activities": [
								{
									"name": "SetCurrentTaskName",
									"description": "Sets the value of current task name",
									"type": "SetVariable",
									"dependsOn": [],
									"userProperties": [],
									"typeProperties": {
										"variableName": "CurrentTaskName",
										"value": {
											"value": "@item().pipelineName",
											"type": "Expression"
										}
									}
								},
								{
									"name": "SetCurrentTaskId",
									"description": "Sets the current task id being executed",
									"type": "SetVariable",
									"dependsOn": [],
									"userProperties": [],
									"typeProperties": {
										"variableName": "CurrentTaskId",
										"value": {
											"value": "@string(item().TaskRun.id)",
											"type": "Expression"
										}
									}
								},
								{
									"name": "SetCurrentTaskParams",
									"description": "Carries the task parameters provided as input from the job parameters\n",
									"type": "SetVariable",
									"dependsOn": [],
									"userProperties": [],
									"typeProperties": {
										"variableName": "CurrentTaskParams",
										"value": {
											"value": "@string(item())",
											"type": "Expression"
										}
									}
								},
								{
									"name": "ExecuteCurrentTaskPipeline",
									"description": "The tasks match the current task to its pipeline and passes on the incoming parameters",
									"type": "Switch",
									"dependsOn": [
										{
											"activity": "SetCurrentTaskParams",
											"dependencyConditions": [
												"Succeeded"
											]
										},
										{
											"activity": "SetCurrentTaskId",
											"dependencyConditions": [
												"Succeeded"
											]
										},
										{
											"activity": "SetCurrentTaskName",
											"dependencyConditions": [
												"Succeeded"
											]
										},
										{
											"activity": "SetODate",
											"dependencyConditions": [
												"Succeeded"
											]
										}
									],
									"userProperties": [],
									"typeProperties": {
										"on": {
											"value": "@if(equals(json(variables('CurrentTaskParams')).TaskRun.status,'scheduled'),variables('CurrentTaskName'),'TaskNotScheduled')",
											"type": "Expression"
										},
										"cases": [
											{
												"value": "CopyFromSource",
												"activities": [
													{
														"name": "ExecuteCopyFromSourcePipeline",
														"description": "This activity calls the task pipeline matching the input task name",
														"type": "ExecutePipeline",
														"dependsOn": [],
														"userProperties": [],
														"typeProperties": {
															"pipeline": {
																"referenceName": "CopyFromSource",
																"type": "PipelineReference"
															},
															"waitOnCompletion": true,
															"parameters": {
																"TaskParams": {
																	"value": "@json(variables('CurrentTaskParams'))",
																	"type": "Expression"
																},
																"TaskId": {
																	"value": "@variables('CurrentTaskId')",
																	"type": "Expression"
																},
																"JobId": {
																	"value": "@pipeline().parameters.jobRunId",
																	"type": "Expression"
																},
																"ODate": {
																	"value": "@pipeline().parameters.oDate",
																	"type": "Expression"
																}
															}
														}
													},
													{
														"name": "UpdateTaskStatusCompleted",
														"type": "AzureFunctionActivity",
														"dependsOn": [
															{
																"activity": "ExecuteCopyFromSourcePipeline",
																"dependencyConditions": [
																	"Succeeded"
																]
															}
														],
														"policy": {
															"timeout": "7.00:00:00",
															"retry": 0,
															"retryIntervalInSeconds": 30,
															"secureOutput": false,
															"secureInput": false
														},
														"userProperties": [],
														"typeProperties": {
															"functionName": "update_task_status",
															"method": "POST",
															"body": {
																"value": "@json(concat('{\"status\":','\"completed\",','\"taskRunId\":',variables('CurrentTaskId'),',','\"taskRunUuid\":\"',activity('ExecuteCopyFromSourcePipeline').output.pipelineRunId,'\"}'))",
																"type": "Expression"
															}
														},
														"linkedServiceName": {
															"referenceName": "LinkedService_AFA",
															"type": "LinkedServiceReference"
														}
													},
													{
														"name": "UpdateTaskStatusFailed",
														"type": "AzureFunctionActivity",
														"dependsOn": [
															{
																"activity": "ExecuteCopyFromSourcePipeline",
																"dependencyConditions": [
																	"Failed"
																]
															}
														],
														"policy": {
															"timeout": "7.00:00:00",
															"retry": 0,
															"retryIntervalInSeconds": 30,
															"secureOutput": false,
															"secureInput": false
														},
														"userProperties": [],
														"typeProperties": {
															"functionName": "update_task_status",
															"method": "POST",
															"body": {
																"value": "@json(concat('{\"status\":','\"failed\",','\"taskRunId\":',variables('CurrentTaskId'),',','\"taskRunUuid\":\"',activity('ExecuteCopyFromSourcePipeline').output.pipelineRunId,'\"}'))",
																"type": "Expression"
															}
														},
														"linkedServiceName": {
															"referenceName": "LinkedService_AFA",
															"type": "LinkedServiceReference"
														}
													},
													{
														"name": "CancelJob",
														"type": "AzureFunctionActivity",
														"dependsOn": [
															{
																"activity": "UpdateTaskStatusFailed",
																"dependencyConditions": [
																	"Succeeded"
																]
															}
														],
														"policy": {
															"timeout": "7.00:00:00",
															"retry": 0,
															"retryIntervalInSeconds": 30,
															"secureOutput": false,
															"secureInput": false
														},
														"userProperties": [],
														"typeProperties": {
															"functionName": "cancel_job_run",
															"method": "POST",
															"body": {
																"value": "@json(concat('{\"taskRunId\":',variables('CurrentTaskId'),'}'))",
																"type": "Expression"
															}
														},
														"linkedServiceName": {
															"referenceName": "LinkedService_AFA",
															"type": "LinkedServiceReference"
														}
													}
												]
											},
											{
												"value": "TaskNotScheduled",
												"activities": [
													{
														"name": "ExecuteTaskNotScheduledPipeline",
														"type": "ExecutePipeline",
														"dependsOn": [],
														"userProperties": [],
														"typeProperties": {
															"pipeline": {
																"referenceName": "DumbPipeline",
																"type": "PipelineReference"
															},
															"waitOnCompletion": true
														}
													}
												]
											}
										]
									}
								},
								{
									"name": "SetODate",
									"type": "SetVariable",
									"dependsOn": [],
									"userProperties": [],
									"typeProperties": {
										"variableName": "CuurentODate",
										"value": {
											"value": "@pipeline().parameters.oDate",
											"type": "Expression"
										}
									}
								}
							]
						}
					},
					{
						"name": "UpdateJobStatus",
						"type": "AzureFunctionActivity",
						"dependsOn": [
							{
								"activity": "LoopThroughJobTasks",
								"dependencyConditions": [
									"Succeeded"
								]
							}
						],
						"policy": {
							"timeout": "7.00:00:00",
							"retry": 0,
							"retryIntervalInSeconds": 30,
							"secureOutput": false,
							"secureInput": false
						},
						"userProperties": [],
						"typeProperties": {
							"functionName": "update_job_status",
							"method": "POST",
							"body": {
								"value": "@json(concat('{\"status\":','\"completed\",','\"jobRunId\":',string(pipeline().parameters.jobRunId),',','\"jobRunUuid\":\"',pipeline().RunId,'\"}'))",
								"type": "Expression"
							}
						},
						"linkedServiceName": {
							"referenceName": "LinkedService_AFA",
							"type": "LinkedServiceReference"
						}
					}
				],
				"concurrency": 10,
				"parameters": {
					"taskParams": {
						"type": "array"
					},
					"jobRunId": {
						"type": "int"
					},
					"oDate": {
						"type": "string"
					}
				},
				"variables": {
					"CurrentTaskName": {
						"type": "String"
					},
					"CurrentTaskId": {
						"type": "String"
					},
					"CurrentTaskParams": {
						"type": "String"
					},
					"CuurentODate": {
						"type": "String"
					}
				},
				"folder": {
					"name": "Datacore-Framework-Pipelines"
				},
				"annotations": []
			},
			"dependsOn": [
				"[concat(variables('factoryId'), '/pipelines/CopyFromSource')]"
			]
		},
		{
			"name": "[concat(parameters('factoryName'), '/CSADataSetInbound')]",
			"type": "Microsoft.DataFactory/factories/datasets",
			"apiVersion": "2018-06-01",
			"properties": {
				"linkedServiceName": {
					"referenceName": "sftp_lxapp0206",
					"type": "LinkedServiceReference"
				},
				"annotations": [],
				"type": "Binary",
				"typeProperties": {
					"location": {
						"type": "SftpLocation"
					}
				}
			},
			"dependsOn": [
				"[concat(variables('factoryId'), '/linkedServices/sftp_lxapp0206')]"
			]
		},
		{
			"name": "[concat(parameters('factoryName'), '/CSADataSetOutbound')]",
			"type": "Microsoft.DataFactory/factories/datasets",
			"apiVersion": "2018-06-01",
			"properties": {
				"linkedServiceName": {
					"referenceName": "sftp_lxapp0206",
					"type": "LinkedServiceReference"
				},
				"annotations": [],
				"type": "Binary",
				"typeProperties": {
					"location": {
						"type": "SftpLocation",
						"folderPath": "/bidhdev/data/CSA/dev/ent/outbound/E01/azure"
					}
				}
			},
			"dependsOn": [
				"[concat(variables('factoryId'), '/linkedServices/sftp_lxapp0206')]"
			]
		},
		{
			"name": "[concat(parameters('factoryName'), '/AzureDatabricks1')]",
			"type": "Microsoft.DataFactory/factories/linkedServices",
			"apiVersion": "2018-06-01",
			"properties": {
				"annotations": [],
				"type": "AzureDatabricks",
				"typeProperties": {
					"domain": "https://adb-8624856902825704.4.azuredatabricks.net",
					"authentication": "MSI",
					"workspaceResourceId": "/subscriptions/11603bb0-347b-4c4d-938e-7e1d33f15596/resourceGroups/tcp-azu0014-ae-rg-ipnd-dev/providers/Microsoft.Databricks/workspaces/tcp-azu0014-ae-adb-datacore-ipnd-nprod",
					"newClusterNodeType": "Standard_DS4_v2",
					"newClusterNumOfWorker": "3",
					"newClusterSparkEnvVars": {
						"PYSPARK_PYTHON": "/databricks/python3/bin/python3"
					},
					"newClusterVersion": "8.1.x-scala2.12",
					"newClusterInitScripts": [],
					"newClusterDriverNodeType": "Standard_DS4_v2"
				},
				"connectVia": {
					"referenceName": "datacore-ipnd-shir",
					"type": "IntegrationRuntimeReference"
				}
			},
			"dependsOn": []
		},
		{
			"name": "[concat(parameters('factoryName'), '/DynamicsAX1test')]",
			"type": "Microsoft.DataFactory/factories/linkedServices",
			"apiVersion": "2018-06-01",
			"properties": {
				"annotations": [],
				"type": "DynamicsAX",
				"typeProperties": {
					"url": "https://tuposgold.sandbox.operations.dynamics.com/data",
					"tenant": "6179e389-052d-4ab0-a4ff-c8b5f09153aa",
					"aadResourceId": "https://tuposgold.sandbox.operations.dynamics.com",
					"servicePrincipalId": "a1d0caf4-bfb8-41e7-885a-0e50243d3bfa",
					"servicePrincipalKey": {
						"type": "SecureString",
						"value": "**********"
					}
				},
				"connectVia": {
					"referenceName": "datacore-ipnd-shir",
					"type": "IntegrationRuntimeReference"
				}
			},
			"dependsOn": []
		},
		{
			"name": "[concat(parameters('factoryName'), '/sftp_lxapp0206')]",
			"type": "Microsoft.DataFactory/factories/linkedServices",
			"apiVersion": "2018-06-01",
			"properties": {
				"description": "Sftp account to connect to lxapp0206 using public and Private key",
				"annotations": [],
				"type": "Sftp",
				"typeProperties": {
					"host": "lxapp0206.in.telstra.com.au",
					"port": 22,
					"skipHostKeyValidation": true,
					"authenticationType": "SshPublicKey",
					"userName": "n105324",
					"privateKeyContent": {
						"type": "AzureKeyVaultSecret",
						"store": {
							"referenceName": "LinkedServiceDatacoreAKV",
							"type": "LinkedServiceReference"
						},
						"secretName": "sftp-lxapp0206-privatekey-base64"
					},
					"passPhrase": {
						"type": "SecureString",
						"value": "**********"
					}
				},
				"connectVia": {
					"referenceName": "datacore-ipnd-shir",
					"type": "IntegrationRuntimeReference"
				}
			},
			"dependsOn": []
		}
	]
}