{
	"$schema": "http://schema.management.azure.com/schemas/2015-01-01/deploymentTemplate.json#",
	"contentVersion": "1.0.0.0",
	"parameters": {
		"factoryName": {
			"type": "string",
			"metadata": "Data Factory name",
			"defaultValue": "tcp-azu0014-ae-adf-datacore-ipnd-nprod"
		}
	},
	"variables": {
		"factoryId": "[concat('Microsoft.DataFactory/factories/', parameters('factoryName'))]"
	},
	"resources": [
		{
			"name": "[concat(parameters('factoryName'), '/LinkedService_AFA')]",
			"type": "Microsoft.DataFactory/factories/linkedServices",
			"apiVersion": "2018-06-01",
			"properties": {
				"annotations": [],
				"type": "AzureFunction",
				"typeProperties": {
					"functionAppUrl": "https://tcp-azu0014-ae-afa-datacore-ipnd-nprod01.azurewebsites.net/",
					"functionKey": {
						"type": "AzureKeyVaultSecret",
						"store": {
							"referenceName": "LinkedService_AKV",
							"type": "LinkedServiceReference"
						},
						"secretName": "datacore-afa-key"
					},
					"authentication": "Anonymous"
				},
				"connectVia": {
					"referenceName": "datacore-adf-shir",
					"type": "IntegrationRuntimeReference"
				}
			},
			"dependsOn": []
		},
		{
			"name": "[concat(parameters('factoryName'), '/LinkedService_CSA')]",
			"type": "Microsoft.DataFactory/factories/linkedServices",
			"apiVersion": "2018-06-01",
			"properties": {
				"annotations": [],
				"type": "Sftp",
				"typeProperties": {
					"host": "lxapp0206.in.telstra.com.au",
					"port": 22,
					"skipHostKeyValidation": true,
					"authenticationType": "SshPublicKey",
					"userName": "n105324",
					"privateKeyContent": {
						"type": "AzureKeyVaultSecret",
						"store": {
							"referenceName": "LinkedService_AKV",
							"type": "LinkedServiceReference"
						},
						"secretName": "datacore-csa-ingestion-adf"
					},
					"passPhrase": {
						"type": "SecureString",
						"value": "**********"
					}
				},
				"connectVia": {
					"referenceName": "datacore-adf-shir",
					"type": "IntegrationRuntimeReference"
				}
			},
			"dependsOn": []
		},
		{
			"name": "[concat(parameters('factoryName'), '/LinkedService_DataLake')]",
			"type": "Microsoft.DataFactory/factories/linkedServices",
			"apiVersion": "2018-06-01",
			"properties": {
				"annotations": [],
				"type": "AzureBlobFS",
				"typeProperties": {
					"url": "https://tcp0014vsdatacoreipndnpd.dfs.core.windows.net"
				},
				"connectVia": {
					"referenceName": "datacore-adf-shir",
					"type": "IntegrationRuntimeReference"
				}
			},
			"dependsOn": []
		},
		{
			"name": "[concat(parameters('factoryName'), '/LinkedService_Databricks')]",
			"type": "Microsoft.DataFactory/factories/linkedServices",
			"apiVersion": "2018-06-01",
			"properties": {
				"annotations": [],
				"type": "AzureDatabricks",
				"typeProperties": {
					"domain": "https://adb-8624856902825704.4.azuredatabricks.net",
					"authentication": "MSI",
					"workspaceResourceId": "/subscriptions/11603bb0-347b-4c4d-938e-7e1d33f15596/resourceGroups/tcp-azu0014-ae-rg-ipnd-dev/providers/Microsoft.Databricks/workspaces/tcp-azu0014-ae-adb-datacore-ipnd-nprod",
					"existingClusterId": "@activity('getDBCluster').output.clusterId"
				},
				"connectVia": {
					"referenceName": "datacore-adf-shir",
					"type": "IntegrationRuntimeReference"
				}
			},
			"dependsOn": []
		},
		{
			"name": "[concat(parameters('factoryName'), '/LinkedService_PostgreSQL')]",
			"type": "Microsoft.DataFactory/factories/linkedServices",
			"apiVersion": "2018-06-01",
			"properties": {
				"annotations": [],
				"type": "PostgreSql",
				"typeProperties": {
					"connectionString": {
						"type": "AzureKeyVaultSecret",
						"store": {
							"referenceName": "LinkedService_AKV",
							"type": "LinkedServiceReference"
						},
						"secretName": "datacore-pg-adf-connection-string"
					}
				},
				"connectVia": {
					"referenceName": "datacore-adf-shir",
					"type": "IntegrationRuntimeReference"
				}
			},
			"dependsOn": []
		},
		{
			"name": "[concat(parameters('factoryName'), '/LinkedService_SFX')]",
			"type": "Microsoft.DataFactory/factories/linkedServices",
			"apiVersion": "2018-06-01",
			"properties": {
				"annotations": [],
				"type": "Sftp",
				"typeProperties": {
					"host": "10.75.71.198",
					"port": 22,
					"skipHostKeyValidation": true,
					"authenticationType": "SshPublicKey",
					"userName": "DATACORE_ADF_SFX_P01",
					"privateKeyContent": {
						"type": "AzureKeyVaultSecret",
						"store": {
							"referenceName": "LinkedService_AKV",
							"type": "LinkedServiceReference"
						},
						"secretName": "sfx-ingest-datacore-adf"
					},
					"passPhrase": {
						"type": "SecureString",
						"value": "**********"
					}
				},
				"connectVia": {
					"referenceName": "datacore-adf-shir",
					"type": "IntegrationRuntimeReference"
				}
			},
			"dependsOn": []
		}
	]
}