{
	"$schema": "http://schema.management.azure.com/schemas/2015-01-01/deploymentTemplate.json#",
	"contentVersion": "1.0.0.0",
	"parameters": {
		"factoryName": {
			"type": "string",
			"metadata": "Data Factory name",
			"defaultValue": "tcp-azu0014-ae-adf-datacore-ipnd-nprod"
		}
	},
	"variables": {
		"factoryId": "[concat('Microsoft.DataFactory/factories/', parameters('factoryName'))]"
	},
	"resources": [
		{
			"name": "[concat(parameters('factoryName'), '/CopyFromSource')]",
			"type": "Microsoft.DataFactory/factories/pipelines",
			"apiVersion": "2018-06-01",
			"properties": {
				"activities": [
					{
						"name": "FilterFiles",
						"description": "Call the azure function with list of files to pattern match and find triplets and copy it across.",
						"type": "AzureFunctionActivity",
						"dependsOn": [
							{
								"activity": "ListFilesFromSource",
								"dependencyConditions": [
									"Succeeded"
								]
							}
						],
						"policy": {
							"timeout": "7.00:00:00",
							"retry": 0,
							"retryIntervalInSeconds": 30,
							"secureOutput": false,
							"secureInput": false
						},
						"userProperties": [],
						"typeProperties": {
							"functionName": "filter_files",
							"method": "POST",
							"body": {
								"value": "{\n    \"oDate\": \"@{pipeline().parameters.oDate}\",\n    \"fileList\": @{variables('SourceFileList')},\n    \"filePattern\": \"@{pipeline().parameters.filePattern}\",\n    \"compression\": @{if(pipeline().parameters.compression,'true', 'false')},\n    \"fileExtensions\": @{pipeline().parameters.fileExtensions},\n    \"taskRunId\": @{pipeline().parameters.taskRunId},\n    \"jobRunId\": @{pipeline().parameters.jobRunId}\n}",
								"type": "Expression"
							}
						},
						"linkedServiceName": {
							"referenceName": "LinkedService_AFA",
							"type": "LinkedServiceReference"
						}
					},
					{
						"name": "UpdateRunning",
						"type": "AzureFunctionActivity",
						"dependsOn": [
							{
								"activity": "SetTaskPipelineRunId",
								"dependencyConditions": [
									"Succeeded"
								]
							}
						],
						"policy": {
							"timeout": "7.00:00:00",
							"retry": 0,
							"retryIntervalInSeconds": 30,
							"secureOutput": false,
							"secureInput": false
						},
						"userProperties": [],
						"typeProperties": {
							"functionName": "update_task_status",
							"method": "POST",
							"body": {
								"value": "{\n    \"status\": \"running\",\n    \"taskRunId\": @{pipeline().parameters.taskRunId},\n    \"taskRunUuid\": \"@{variables('TaskRunUuid')}\"\n}",
								"type": "Expression"
							}
						},
						"linkedServiceName": {
							"referenceName": "LinkedService_AFA",
							"type": "LinkedServiceReference"
						}
					},
					{
						"name": "SetTaskPipelineRunId",
						"type": "SetVariable",
						"dependsOn": [],
						"userProperties": [],
						"typeProperties": {
							"variableName": "TaskRunUuid",
							"value": {
								"value": "@pipeline().RunId",
								"type": "Expression"
							}
						}
					},
					{
						"name": "ListFilesFromSource",
						"type": "Switch",
						"dependsOn": [
							{
								"activity": "UpdateRunning",
								"dependencyConditions": [
									"Succeeded"
								]
							}
						],
						"userProperties": [],
						"typeProperties": {
							"on": {
								"value": "@pipeline().parameters.source",
								"type": "Expression"
							},
							"cases": [
								{
									"value": "CSA",
									"activities": [
										{
											"name": "ListFilesFromCSA",
											"type": "GetMetadata",
											"dependsOn": [],
											"policy": {
												"timeout": "7.00:00:00",
												"retry": 0,
												"retryIntervalInSeconds": 30,
												"secureOutput": false,
												"secureInput": false
											},
											"userProperties": [],
											"typeProperties": {
												"dataset": {
													"referenceName": "CSADataSetInbound",
													"type": "DatasetReference",
													"parameters": {
														"sourcePath": {
															"value": "@pipeline().parameters.sourcePath",
															"type": "Expression"
														}
													}
												},
												"fieldList": [
													"itemName",
													"childItems"
												],
												"storeSettings": {
													"type": "SftpReadSettings",
													"recursive": true,
													"enablePartitionDiscovery": false
												},
												"formatSettings": {
													"type": "BinaryReadSettings"
												}
											}
										},
										{
											"name": "SetCSAFileList",
											"type": "SetVariable",
											"dependsOn": [
												{
													"activity": "ListFilesFromCSA",
													"dependencyConditions": [
														"Succeeded"
													]
												}
											],
											"userProperties": [],
											"typeProperties": {
												"variableName": "SourceFileList",
												"value": {
													"value": "@activity('ListFilesFromCSA').output.childItems",
													"type": "Expression"
												}
											}
										}
									]
								},
								{
									"value": "ADLS",
									"activities": [
										{
											"name": "ListFilesOnADLS",
											"type": "GetMetadata",
											"dependsOn": [],
											"policy": {
												"timeout": "7.00:00:00",
												"retry": 0,
												"retryIntervalInSeconds": 30,
												"secureOutput": false,
												"secureInput": false
											},
											"userProperties": [],
											"typeProperties": {
												"dataset": {
													"referenceName": "ListSourceDirectoryAdls",
													"type": "DatasetReference",
													"parameters": {
														"ContainerName": {
															"value": "@pipeline().parameters.sourceSystem",
															"type": "Expression"
														},
														"Path": {
															"value": "@pipeline().parameters.sourcePath",
															"type": "Expression"
														}
													}
												},
												"fieldList": [
													"itemName",
													"childItems"
												],
												"storeSettings": {
													"type": "AzureBlobFSReadSettings",
													"recursive": true,
													"enablePartitionDiscovery": false
												},
												"formatSettings": {
													"type": "BinaryReadSettings"
												}
											}
										},
										{
											"name": "SetADLSFileList",
											"type": "SetVariable",
											"dependsOn": [
												{
													"activity": "ListFilesOnADLS",
													"dependencyConditions": [
														"Succeeded"
													]
												}
											],
											"userProperties": [],
											"typeProperties": {
												"variableName": "SourceFileList",
												"value": {
													"value": "@activity('ListFilesOnADLS').output.childItems",
													"type": "Expression"
												}
											}
										}
									]
								},
								{
									"value": "SFX",
									"activities": [
										{
											"name": "ActivityPlaceHolder",
											"type": "SetVariable",
											"dependsOn": [],
											"userProperties": [],
											"typeProperties": {
												"variableName": "TaskRunUuid",
												"value": "BLAH"
											}
										}
									]
								}
							]
						}
					},
					{
						"name": "ForEachFileNamePattern",
						"type": "ForEach",
						"dependsOn": [
							{
								"activity": "FilterFiles",
								"dependencyConditions": [
									"Succeeded"
								]
							}
						],
						"userProperties": [],
						"typeProperties": {
							"items": {
								"value": "@activity('FilterFiles').output.filePatternList",
								"type": "Expression"
							},
							"activities": [
								{
									"name": "TransferFiles",
									"type": "Switch",
									"dependsOn": [],
									"userProperties": [],
									"typeProperties": {
										"on": {
											"value": "@{pipeline().parameters.source}to@{pipeline().parameters.destination}",
											"type": "Expression"
										},
										"cases": [
											{
												"value": "CSAtoADLS",
												"activities": [
													{
														"name": "ActivityPlaceHolder2",
														"type": "SetVariable",
														"dependsOn": [],
														"userProperties": [],
														"typeProperties": {
															"variableName": "TaskRunUuid",
															"value": "BLAH"
														}
													}
												]
											},
											{
												"value": "ADLStoADLS",
												"activities": [
													{
														"name": "TransferADLStoADLS",
														"type": "Copy",
														"dependsOn": [],
														"policy": {
															"timeout": "7.00:00:00",
															"retry": 0,
															"retryIntervalInSeconds": 30,
															"secureOutput": false,
															"secureInput": false
														},
														"userProperties": [],
														"typeProperties": {
															"source": {
																"type": "BinarySource",
																"storeSettings": {
																	"type": "AzureBlobFSReadSettings",
																	"fileListPath": {
																		"value": "@pipeline().parameters.fileList",
																		"type": "Expression"
																	},
																	"deleteFilesAfterCompletion": false
																},
																"formatSettings": {
																	"type": "BinaryReadSettings"
																}
															},
															"sink": {
																"type": "BinarySink",
																"storeSettings": {
																	"type": "AzureBlobFSWriteSettings"
																}
															},
															"enableStaging": false
														},
														"inputs": [
															{
																"referenceName": "SourceDataSet",
																"type": "DatasetReference",
																"parameters": {
																	"Container": {
																		"value": "@pipeline().parameters.sourceSystem",
																		"type": "Expression"
																	},
																	"Path": {
																		"value": "@pipeline().parameters.sourcePath",
																		"type": "Expression"
																	}
																}
															}
														],
														"outputs": [
															{
																"referenceName": "TargetDataSet",
																"type": "DatasetReference",
																"parameters": {
																	"Container": {
																		"value": "@pipeline().parameters.sourceSystem",
																		"type": "Expression"
																	},
																	"Path": {
																		"value": "@pipeline().parameters.destinationPath",
																		"type": "Expression"
																	}
																}
															}
														]
													}
												]
											},
											{
												"value": "CSAtoCSA",
												"activities": [
													{
														"name": "TransferCSAtoCSA",
														"type": "Copy",
														"dependsOn": [],
														"policy": {
															"timeout": "7.00:00:00",
															"retry": 0,
															"retryIntervalInSeconds": 30,
															"secureOutput": false,
															"secureInput": false
														},
														"userProperties": [],
														"typeProperties": {
															"source": {
																"type": "BinarySource",
																"storeSettings": {
																	"type": "SftpReadSettings",
																	"recursive": true,
																	"wildcardFolderPath": {
																		"value": "@pipeline().parameters.sourcePath",
																		"type": "Expression"
																	},
																	"wildcardFileName": {
																		"value": "@item()",
																		"type": "Expression"
																	},
																	"deleteFilesAfterCompletion": false
																},
																"formatSettings": {
																	"type": "BinaryReadSettings"
																}
															},
															"sink": {
																"type": "BinarySink",
																"storeSettings": {
																	"type": "SftpWriteSettings",
																	"copyBehavior": "PreserveHierarchy",
																	"operationTimeout": "01:00:00",
																	"useTempFileRename": true
																}
															},
															"enableStaging": false
														},
														"inputs": [
															{
																"referenceName": "CSADataSetInbound",
																"type": "DatasetReference",
																"parameters": {
																	"sourcePath": {
																		"value": "@pipeline().parameters.sourcePath",
																		"type": "Expression"
																	}
																}
															}
														],
														"outputs": [
															{
																"referenceName": "CSADataSetOutbound",
																"type": "DatasetReference",
																"parameters": {
																	"destinationPath": {
																		"value": "@pipeline().parameters.destinationPath",
																		"type": "Expression"
																	}
																}
															}
														]
													}
												]
											}
										]
									}
								}
							]
						}
					}
				],
				"parameters": {
					"filePattern": {
						"type": "string"
					},
					"taskRunId": {
						"type": "string"
					},
					"jobRunId": {
						"type": "string"
					},
					"oDate": {
						"type": "string"
					},
					"fileExtensions": {
						"type": "array"
					},
					"compression": {
						"type": "bool",
						"defaultValue": false
					},
					"sourceSystem": {
						"type": "string"
					},
					"sourcePath": {
						"type": "string"
					},
					"destinationPath": {
						"type": "string"
					},
					"fileList": {
						"type": "string"
					},
					"source": {
						"type": "string"
					},
					"destination": {
						"type": "string"
					}
				},
				"variables": {
					"TaskRunUuid": {
						"type": "String"
					},
					"SourceFileList": {
						"type": "Array"
					},
					"FileListFilePath": {
						"type": "String"
					}
				},
				"folder": {
					"name": "Datacore-Framework-Pipelines"
				},
				"annotations": []
			},
			"dependsOn": []
		},
		{
			"name": "[concat(parameters('factoryName'), '/az_test')]",
			"type": "Microsoft.DataFactory/factories/pipelines",
			"apiVersion": "2018-06-01",
			"properties": {
				"activities": [
					{
						"name": "ForEachTask",
						"type": "ForEach",
						"dependsOn": [
							{
								"activity": "SetVar",
								"dependencyConditions": [
									"Succeeded"
								]
							}
						],
						"userProperties": [],
						"typeProperties": {
							"items": {
								"value": "@pipeline().parameters.tasks",
								"type": "Expression"
							},
							"activities": [
								{
									"name": "TestSwitch",
									"type": "Switch",
									"dependsOn": [],
									"userProperties": [],
									"typeProperties": {
										"on": {
											"value": "@item().name",
											"type": "Expression"
										},
										"cases": [
											{
												"value": "Task1",
												"activities": [
													{
														"name": "SetTask1Name",
														"type": "SetVariable",
														"dependsOn": [],
														"userProperties": [],
														"typeProperties": {
															"variableName": "task1Name",
															"value": {
																"value": "@{item().name}@{item().id}",
																"type": "Expression"
															}
														}
													}
												]
											},
											{
												"value": "Task2",
												"activities": [
													{
														"name": "SetTask2Name",
														"type": "SetVariable",
														"dependsOn": [],
														"userProperties": [],
														"typeProperties": {
															"variableName": "task2Name",
															"value": {
																"value": "@item().name",
																"type": "Expression"
															}
														}
													}
												]
											}
										]
									}
								}
							]
						}
					},
					{
						"name": "SetVar",
						"type": "SetVariable",
						"dependsOn": [],
						"userProperties": [],
						"typeProperties": {
							"variableName": "json",
							"value": {
								"value": "{\n \"isBool\": @{if(pipeline().parameters.isBool, 'true', 'false')}\n}",
								"type": "Expression"
							}
						}
					},
					{
						"name": "MetaData",
						"type": "GetMetadata",
						"dependsOn": [],
						"policy": {
							"timeout": "7.00:00:00",
							"retry": 0,
							"retryIntervalInSeconds": 30,
							"secureOutput": false,
							"secureInput": false
						},
						"userProperties": [],
						"typeProperties": {
							"dataset": {
								"referenceName": "CSATest",
								"type": "DatasetReference",
								"parameters": {
									"fileName": "TEST*"
								}
							},
							"fieldList": [
								"itemName"
							],
							"storeSettings": {
								"type": "SftpReadSettings",
								"recursive": true,
								"enablePartitionDiscovery": false
							},
							"formatSettings": {
								"type": "BinaryReadSettings"
							}
						}
					},
					{
						"name": "Copy data1",
						"type": "Copy",
						"dependsOn": [],
						"policy": {
							"timeout": "7.00:00:00",
							"retry": 0,
							"retryIntervalInSeconds": 30,
							"secureOutput": false,
							"secureInput": false
						},
						"userProperties": [],
						"typeProperties": {
							"source": {
								"type": "DelimitedTextSource",
								"storeSettings": {
									"type": "SftpReadSettings",
									"recursive": true,
									"enablePartitionDiscovery": false
								},
								"formatSettings": {
									"type": "DelimitedTextReadSettings"
								}
							},
							"sink": {
								"type": "DelimitedTextSink",
								"storeSettings": {
									"type": "SftpWriteSettings",
									"copyBehavior": {
										"value": "@pipeline().parameters.fileList",
										"type": "Expression"
									},
									"operationTimeout": "01:00:00",
									"useTempFileRename": true
								},
								"formatSettings": {
									"type": "DelimitedTextWriteSettings",
									"quoteAllText": true,
									"fileExtension": ".txt"
								}
							},
							"enableStaging": false,
							"translator": {
								"type": "TabularTranslator",
								"typeConversion": true,
								"typeConversionSettings": {
									"allowDataTruncation": true,
									"treatBooleanAsNumber": false
								}
							}
						},
						"inputs": [
							{
								"referenceName": "AzureFileList",
								"type": "DatasetReference",
								"parameters": {
									"fileName": "test_output"
								}
							}
						],
						"outputs": [
							{
								"referenceName": "AzureFileList",
								"type": "DatasetReference",
								"parameters": {
									"fileName": "test_file"
								}
							}
						]
					}
				],
				"parameters": {
					"tasks": {
						"type": "array",
						"defaultValue": [
							{
								"id": 1,
								"name": "Task1"
							},
							{
								"id": 2,
								"name": "Task2"
							}
						]
					},
					"jobId": {
						"type": "int",
						"defaultValue": 1
					},
					"isBool": {
						"type": "bool",
						"defaultValue": true
					},
					"fileList": {
						"type": "string",
						"defaultValue": "one\\ntwo\\nthree"
					}
				},
				"variables": {
					"json": {
						"type": "String"
					},
					"task1Name": {
						"type": "String"
					},
					"task2Name": {
						"type": "String"
					}
				},
				"folder": {
					"name": "Datacore-Framework-Pipelines"
				},
				"annotations": []
			},
			"dependsOn": [
				"[concat(variables('factoryId'), '/datasets/CSATest')]",
				"[concat(variables('factoryId'), '/datasets/AzureFileList')]"
			]
		},
		{
			"name": "[concat(parameters('factoryName'), '/AzureFileList')]",
			"type": "Microsoft.DataFactory/factories/datasets",
			"apiVersion": "2018-06-01",
			"properties": {
				"linkedServiceName": {
					"referenceName": "sftp_lxapp0206",
					"type": "LinkedServiceReference"
				},
				"parameters": {
					"fileName": {
						"type": "string"
					}
				},
				"annotations": [],
				"type": "DelimitedText",
				"typeProperties": {
					"location": {
						"type": "SftpLocation",
						"fileName": {
							"value": "@dataset().fileName",
							"type": "Expression"
						},
						"folderPath": "/bidhdev/data/CSA/dev/ent/inbound/E01/azure/src/land"
					},
					"columnDelimiter": ",",
					"escapeChar": "\\",
					"quoteChar": "\""
				},
				"schema": []
			},
			"dependsOn": []
		},
		{
			"name": "[concat(parameters('factoryName'), '/CSATest')]",
			"type": "Microsoft.DataFactory/factories/datasets",
			"apiVersion": "2018-06-01",
			"properties": {
				"linkedServiceName": {
					"referenceName": "sftp_lxapp0206",
					"type": "LinkedServiceReference"
				},
				"parameters": {
					"fileName": {
						"type": "string"
					}
				},
				"annotations": [],
				"type": "Binary",
				"typeProperties": {
					"location": {
						"type": "SftpLocation",
						"fileName": {
							"value": "@dataset().fileName",
							"type": "Expression"
						},
						"folderPath": "/bidhdev/data/CSA/dev/ent/inbound/E01/azure/src/land"
					}
				}
			},
			"dependsOn": []
		},
		{
			"name": "[concat(parameters('factoryName'), '/FileListDataSource')]",
			"type": "Microsoft.DataFactory/factories/datasets",
			"apiVersion": "2018-06-01",
			"properties": {
				"linkedServiceName": {
					"referenceName": "LinkedService_DC_Framework",
					"type": "LinkedServiceReference"
				},
				"parameters": {
					"FileName": {
						"type": "string"
					}
				},
				"annotations": [],
				"type": "Binary",
				"typeProperties": {
					"location": {
						"type": "AzureBlobFSLocation",
						"fileName": {
							"value": "@dataset().FileName",
							"type": "Expression"
						},
						"folderPath": "metadata/tmp",
						"fileSystem": "datacore"
					}
				}
			},
			"dependsOn": []
		}
	]
}