{
	"$schema": "http://schema.management.azure.com/schemas/2015-01-01/deploymentTemplate.json#",
	"contentVersion": "1.0.0.0",
	"parameters": {
		"factoryName": {
			"type": "string",
			"metadata": "Data Factory name",
			"defaultValue": "tcp-azu0014-ae-adf-datacore-ipnd-nprod"
		}
	},
	"variables": {
		"factoryId": "[concat('Microsoft.DataFactory/factories/', parameters('factoryName'))]"
	},
	"resources": [
		{
			"name": "[concat(parameters('factoryName'), '/Main')]",
			"type": "Microsoft.DataFactory/factories/pipelines",
			"apiVersion": "2018-06-01",
			"properties": {
				"description": "This is the main pipeline called by the runjob function upon each job trigger",
				"activities": [
					{
						"name": "LoopThroughJobTasks",
						"description": "This activity takes the list of tasks from given job.json and processes them in sequence",
						"type": "ForEach",
						"dependsOn": [],
						"userProperties": [],
						"typeProperties": {
							"items": {
								"value": "@pipeline().parameters.tasks",
								"type": "Expression"
							},
							"isSequential": true,
							"activities": [
								{
									"name": "ExecuteCurrentTaskPipeline",
									"description": "The tasks match the current task to its pipeline and passes on the incoming parameters",
									"type": "Switch",
									"dependsOn": [],
									"userProperties": [],
									"typeProperties": {
										"on": {
											"value": "@item().pipelineName",
											"type": "Expression"
										},
										"cases": [
											{
												"value": "CopyData",
												"activities": [
													{
														"name": "ExecuteCopyDataPipeline",
														"description": "This activity calls the task pipeline matching the input task name",
														"type": "ExecutePipeline",
														"dependsOn": [],
														"userProperties": [],
														"typeProperties": {
															"pipeline": {
																"referenceName": "CopyData",
																"type": "PipelineReference"
															},
															"waitOnCompletion": true,
															"parameters": {
																"filePattern": {
																	"value": "@item().parameters.filePattern",
																	"type": "Expression"
																},
																"taskRunId": {
																	"value": "@item().taskRunId",
																	"type": "Expression"
																},
																"jobRunId": {
																	"value": "@pipeline().parameters.jobRunId",
																	"type": "Expression"
																},
																"oDate": {
																	"value": "@pipeline().parameters.oDate",
																	"type": "Expression"
																},
																"fileExtensions": {
																	"value": "@item().parameters.fileExtensions",
																	"type": "Expression"
																},
																"compression": {
																	"value": "@item().parameters.compression",
																	"type": "Expression"
																},
																"sourceSystem": {
																	"value": "@pipeline().parameters.sourceSystem",
																	"type": "Expression"
																},
																"sourcePath": {
																	"value": "@item().parameters.sourcePath",
																	"type": "Expression"
																},
																"destinationPath": {
																	"value": "@item().parameters.destinationPath",
																	"type": "Expression"
																},
																"sourceFileSystem": {
																	"value": "@item().parameters.sourceFileSystem",
																	"type": "Expression"
																},
																"destinationFileSystem": {
																	"value": "@item().parameters.destinationFileSystem",
																	"type": "Expression"
																},
																"archiveFileSystem": {
																	"value": "@item().parameters.archiveFileSystem",
																	"type": "Expression"
																},
																"archivePath": {
																	"value": "@item().parameters.archivePath",
																	"type": "Expression"
																},
																"enforceSequence": {
																	"value": "@item().parameters.enforceSequence",
																	"type": "Expression"
																}
															}
														}
													},
													{
														"name": "UpdateTaskStatusCompleted",
														"type": "AzureFunctionActivity",
														"dependsOn": [
															{
																"activity": "ExecuteCopyDataPipeline",
																"dependencyConditions": [
																	"Succeeded"
																]
															}
														],
														"policy": {
															"timeout": "7.00:00:00",
															"retry": 0,
															"retryIntervalInSeconds": 30,
															"secureOutput": false,
															"secureInput": false
														},
														"userProperties": [],
														"typeProperties": {
															"functionName": "update_task_status",
															"method": "POST",
															"body": {
																"value": "{\n    \"status\": \"completed\",\n    \"taskRunId\": @{item().taskRunId},\n    \"taskRunUuid\": \"@{activity('ExecuteCopyDataPipeline').output.pipelineRunId}\"\n}",
																"type": "Expression"
															}
														},
														"linkedServiceName": {
															"referenceName": "LinkedService_AFA",
															"type": "LinkedServiceReference"
														}
													},
													{
														"name": "UpdateTaskStatusFailed",
														"type": "AzureFunctionActivity",
														"dependsOn": [
															{
																"activity": "ExecuteCopyDataPipeline",
																"dependencyConditions": [
																	"Failed"
																]
															}
														],
														"policy": {
															"timeout": "7.00:00:00",
															"retry": 0,
															"retryIntervalInSeconds": 30,
															"secureOutput": false,
															"secureInput": false
														},
														"userProperties": [],
														"typeProperties": {
															"functionName": "update_task_status",
															"method": "POST",
															"body": {
																"value": "{\n    \"status\": \"failed\",\n    \"taskRunId\": @{item().taskRunId},\n    \"taskRunUuid\": \"@{activity('ExecuteCopyDataPipeline').output.pipelineRunId}\"\n}",
																"type": "Expression"
															}
														},
														"linkedServiceName": {
															"referenceName": "LinkedService_AFA",
															"type": "LinkedServiceReference"
														}
													},
													{
														"name": "CancelJob",
														"type": "AzureFunctionActivity",
														"dependsOn": [
															{
																"activity": "UpdateTaskStatusFailed",
																"dependencyConditions": [
																	"Succeeded"
																]
															}
														],
														"policy": {
															"timeout": "7.00:00:00",
															"retry": 0,
															"retryIntervalInSeconds": 30,
															"secureOutput": false,
															"secureInput": false
														},
														"userProperties": [],
														"typeProperties": {
															"functionName": "cancel_job_run",
															"method": "POST",
															"body": {
																"value": "{\n   \"taskRunId\": @{item().taskRunId}\n}",
																"type": "Expression"
															}
														},
														"linkedServiceName": {
															"referenceName": "LinkedService_AFA",
															"type": "LinkedServiceReference"
														}
													}
												]
											},
											{
												"value": "TaskNotScheduled",
												"activities": [
													{
														"name": "ExecuteTaskNotScheduledPipeline",
														"type": "ExecutePipeline",
														"dependsOn": [],
														"userProperties": [],
														"typeProperties": {
															"pipeline": {
																"referenceName": "DumbPipeline",
																"type": "PipelineReference"
															},
															"waitOnCompletion": true
														}
													}
												]
											},
											{
												"value": "SuccessTask"
											},
											{
												"value": "FailureTask",
												"activities": [
													{
														"name": "FailPipelineExecution",
														"type": "ExecutePipeline",
														"dependsOn": [],
														"userProperties": [],
														"typeProperties": {
															"pipeline": {
																"referenceName": "CopyData",
																"type": "PipelineReference"
															},
															"waitOnCompletion": true
														}
													}
												]
											}
										]
									}
								}
							]
						}
					},
					{
						"name": "UpdateJobStatusToCompleted",
						"type": "AzureFunctionActivity",
						"dependsOn": [
							{
								"activity": "LoopThroughJobTasks",
								"dependencyConditions": [
									"Succeeded"
								]
							}
						],
						"policy": {
							"timeout": "7.00:00:00",
							"retry": 0,
							"retryIntervalInSeconds": 30,
							"secureOutput": false,
							"secureInput": false
						},
						"userProperties": [],
						"typeProperties": {
							"functionName": "update_job_status",
							"method": "POST",
							"body": {
								"value": "{\n    \"status\": \"completed\",\n    \"jobRunId\": @{pipeline().parameters.jobRunId},\n    \"jobRunUuid\": \"@{pipeline().RunId}\"\n}\n\n",
								"type": "Expression"
							}
						},
						"linkedServiceName": {
							"referenceName": "LinkedService_AFA",
							"type": "LinkedServiceReference"
						}
					}
				],
				"concurrency": 10,
				"parameters": {
					"tasks": {
						"type": "array"
					},
					"jobRunId": {
						"type": "int"
					},
					"oDate": {
						"type": "string"
					},
					"sourceSystem": {
						"type": "string"
					},
					"tableName": {
						"type": "string"
					}
				},
				"folder": {
					"name": "Datacore-Framework-Pipelines"
				},
				"annotations": []
			},
			"dependsOn": []
		},
		{
			"name": "[concat(parameters('factoryName'), '/Test_CI_jar')]",
			"type": "Microsoft.DataFactory/factories/pipelines",
			"apiVersion": "2018-06-01",
			"properties": {
				"activities": [
					{
						"name": "ConfirmInterfacejar",
						"type": "DatabricksSparkJar",
						"dependsOn": [],
						"policy": {
							"timeout": "7.00:00:00",
							"retry": 0,
							"retryIntervalInSeconds": 30,
							"secureOutput": false,
							"secureInput": false
						},
						"userProperties": [],
						"typeProperties": {
							"mainClassName": "com.telstra.datacore.apps.ConformInterface",
							"parameters": [
								"/dbfs/mnt/datacore/metadata/cmpmedmer_01.schema.json",
								"ipnd",
								"1234",
								"1234",
								"20210721",
								"E01"
							],
							"libraries": [
								{
									"jar": "dbfs:/FileStore/jars/conform_interface.jar"
								}
							]
						},
						"linkedServiceName": {
							"referenceName": "AzureDatabricks1",
							"type": "LinkedServiceReference"
						}
					}
				],
				"annotations": []
			},
			"dependsOn": [
				"[concat(variables('factoryId'), '/linkedServices/AzureDatabricks1')]"
			]
		},
		{
			"name": "[concat(parameters('factoryName'), '/AzureDatabricks1')]",
			"type": "Microsoft.DataFactory/factories/linkedServices",
			"apiVersion": "2018-06-01",
			"properties": {
				"annotations": [],
				"type": "AzureDatabricks",
				"typeProperties": {
					"domain": "https://adb-8624856902825704.4.azuredatabricks.net",
					"authentication": "MSI",
					"workspaceResourceId": "/subscriptions/11603bb0-347b-4c4d-938e-7e1d33f15596/resourceGroups/tcp-azu0014-ae-rg-ipnd-dev/providers/Microsoft.Databricks/workspaces/tcp-azu0014-ae-adb-datacore-ipnd-nprod",
					"instancePoolId": "0807-043945-lurk323-pool-rZhWyQwr",
					"newClusterNumOfWorker": "1",
					"newClusterVersion": "8.1.x-scala2.12",
					"newClusterInitScripts": []
				},
				"connectVia": {
					"referenceName": "datacore-ipnd-shir",
					"type": "IntegrationRuntimeReference"
				}
			},
			"dependsOn": []
		}
	]
}