{
	"name": "LinkedService_DNA_ADB_BatchClusterPool",
	"properties": {
		"parameters": {
			"clusterPoolId": {
				"type": "string"
			},
			"clusterVersion": {
				"type": "string"
			},
			"workers": {
				"type": "string"
			}
		},
		"annotations": [],
		"type": "AzureDatabricks",
		"typeProperties": {
			"domain": "https://australiaeast.azuredatabricks.net",
			"accessToken": {
				"type": "AzureKeyVaultSecret",
				"store": {
					"referenceName": "LinkedService_DNA_AKV_MSI",
					"type": "LinkedServiceReference"
				},
				"secretName": "adb-pat-token"
			},
			"instancePoolId": "@linkedService().clusterPoolId",
			"newClusterNumOfWorker": "@linkedService().workers",
			"newClusterSparkEnvVars": {
				"PYSPARK_PYTHON": "/databricks/python3/bin/python3"
			},
			"newClusterVersion": "@linkedService().clusterVersion",
			"newClusterInitScripts": []
		},
		"connectVia": {
			"referenceName": "DNASelfHostedIR",
			"type": "IntegrationRuntimeReference"
		}
	}
}