{
	"name": "LinkedService_CiDb_ASD_MSI",
	"type": "Microsoft.DataFactory/factories/linkedservices",
	"properties": {
		"description": "LinkedService to connect to Channle Insights DB using MSI",
		"annotations": [],
		"type": "AzureSqlDatabase",
		"typeProperties": {
			"connectionString": "Integrated Security=False;Encrypt=True;Connection Timeout=30;Data Source=tcp-azu0015-ae-sql-d360-cprd-dbs.database.windows.net;Initial Catalog=tcp-azu0015-ae-sdb-tcp-d360-cprd-db"
		},
		"connectVia": {
			"referenceName": "DNASelfHostedIR",
			"type": "IntegrationRuntimeReference"
		}
	}
}