{
	"name": "LinkedService_AuditDb_ASD_MSI",
	"type": "Microsoft.DataFactory/factories/linkedservices",
	"properties": {
		"description": "Linked service to connect to Azure Sql Database using MSI",
		"annotations": [],
		"type": "AzureSqlDatabase",
		"typeProperties": {
			"connectionString": "Integrated Security=False;Encrypt=True;Connection Timeout=30;Data Source=tcp-azu0015-ae-sql-dvdp-prod.database.windows.net;Initial Catalog=tcp-azu0015-ae-sdb-dvdp-prod"
		},
		"connectVia": {
			"referenceName": "DNASelfHostedIR",
			"type": "IntegrationRuntimeReference"
		}
	}
}