{
	"name": "CopyToDataExchange",
	"properties": {
		"activities": [
			{
				"name": "GetStageRunAction",
				"type": "Lookup",
				"dependsOn": [],
				"policy": {
					"timeout": "7.00:00:00",
					"retry": 0,
					"retryIntervalInSeconds": 30,
					"secureOutput": false,
					"secureInput": false
				},
				"userProperties": [],
				"typeProperties": {
					"source": {
						"type": "AzureSqlSource",
						"sqlReaderStoredProcedureName": "[auditfwk].[GetStageRunAction]",
						"storedProcedureParameters": {
							"FileId": {
								"type": "Int64",
								"value": {
									"value": "@pipeline().parameters.FileId",
									"type": "Expression"
								}
							},
							"Stage": {
								"type": "String",
								"value": {
									"value": "@pipeline().parameters.Stage",
									"type": "Expression"
								}
							}
						},
						"queryTimeout": "00:10:00",
						"isolationLevel": "ReadCommitted",
						"partitionOption": "None"
					},
					"dataset": {
						"referenceName": "dataset_metadata_sqldb",
						"type": "DatasetReference"
					}
				}
			},
			{
				"name": "Execute Stage If Not Already Run",
				"type": "IfCondition",
				"dependsOn": [
					{
						"activity": "GetStageRunAction",
						"dependencyConditions": [
							"Succeeded"
						]
					}
				],
				"userProperties": [],
				"typeProperties": {
					"expression": {
						"value": "@equals(activity('GetStageRunAction').output.firstRow.Action,'Run')",
						"type": "Expression"
					},
					"ifFalseActivities": [
						{
							"name": "Mark Stage As Skipped",
							"type": "SetVariable",
							"dependsOn": [],
							"userProperties": [],
							"typeProperties": {
								"variableName": "StageAction",
								"value": "STAGE_SKIPPED"
							}
						}
					],
					"ifTrueActivities": [
						{
							"name": "Copy Data Files to DataExchange",
							"type": "Copy",
							"dependsOn": [],
							"policy": {
								"timeout": "7.00:00:00",
								"retry": 0,
								"retryIntervalInSeconds": 30,
								"secureOutput": false,
								"secureInput": false
							},
							"userProperties": [],
							"typeProperties": {
								"source": {
									"type": "BinarySource",
									"storeSettings": {
										"type": "AzureBlobFSReadSettings",
										"recursive": true
									},
									"formatSettings": {
										"type": "BinaryReadSettings"
									}
								},
								"sink": {
									"type": "BinarySink",
									"storeSettings": {
										"type": "AzureBlobFSWriteSettings"
									}
								},
								"enableStaging": false
							},
							"inputs": [
								{
									"referenceName": "dataset_dcsa_folder",
									"type": "DatasetReference",
									"parameters": {
										"container": {
											"value": "@pipeline().globalParameters.GP_DataExchangeContainer",
											"type": "Expression"
										},
										"path": {
											"value": "@concat(pipeline().parameters.SourceFilePath, '/', pipeline().parameters.FileName)",
											"type": "Expression"
										}
									}
								}
							],
							"outputs": [
								{
									"referenceName": "dataset_ci_folder",
									"type": "DatasetReference",
									"parameters": {
										"container": {
											"value": "@pipeline().globalParameters.GP_DataExchangeContainer",
											"type": "Expression"
										},
										"Directory": {
											"value": "@concat(pipeline().parameters.TargetFilePath, '/', pipeline().parameters.FileName)",
											"type": "Expression"
										}
									}
								}
							]
						},
						{
							"name": "Mark Stage as Success",
							"type": "SqlServerStoredProcedure",
							"dependsOn": [
								{
									"activity": "Copy EOT to DataExchange",
									"dependencyConditions": [
										"Succeeded"
									]
								}
							],
							"policy": {
								"timeout": "7.00:00:00",
								"retry": 0,
								"retryIntervalInSeconds": 30,
								"secureOutput": false,
								"secureInput": false
							},
							"userProperties": [],
							"typeProperties": {
								"storedProcedureName": "[auditfwk].[CreateNewLogRecord]",
								"storedProcedureParameters": {
									"AdfPipelineRunId": {
										"value": {
											"value": "@pipeline().RunId",
											"type": "Expression"
										},
										"type": "Guid"
									},
									"AdfPipelineName": {
										"value": {
											"value": "@pipeline().Pipeline",
											"type": "Expression"
										},
										"type": "String"
									},
									"FileId": {
										"value": {
											"value": "@pipeline().parameters.fileId",
											"type": "Expression"
										},
										"type": "Int64"
									},
									"Stage": {
										"value": {
											"value": "@pipeline().parameters.Stage",
											"type": "Expression"
										},
										"type": "String"
									},
									"Message": {
										"value": "Success",
										"type": "String"
									}
								}
							},
							"linkedServiceName": {
								"referenceName": "LinkedService_AuditDb_ASD_MSI",
								"type": "LinkedServiceReference"
							}
						},
						{
							"name": "Mark Stage as Failed",
							"type": "SqlServerStoredProcedure",
							"dependsOn": [
								{
									"activity": "Copy Data Files to DataExchange",
									"dependencyConditions": [
										"Failed"
									]
								},
								{
									"activity": "Copy Metadata to DataExchange",
									"dependencyConditions": [
										"Failed"
									]
								},
								{
									"activity": "Copy EOT to DataExchange",
									"dependencyConditions": [
										"Failed"
									]
								}
							],
							"policy": {
								"timeout": "7.00:00:00",
								"retry": 0,
								"retryIntervalInSeconds": 30,
								"secureOutput": false,
								"secureInput": false
							},
							"userProperties": [],
							"typeProperties": {
								"storedProcedureName": "[auditfwk].[CreateNewLogRecord]",
								"storedProcedureParameters": {
									"AdfPipelineRunId": {
										"value": {
											"value": "@pipeline().RunId",
											"type": "Expression"
										},
										"type": "Guid"
									},
									"AdfPipelineName": {
										"value": {
											"value": "@pipeline().Pipeline",
											"type": "Expression"
										},
										"type": "String"
									},
									"FileId": {
										"value": {
											"value": "@pipeline().parameters.FileId",
											"type": "Expression"
										},
										"type": "Int64"
									},
									"Stage": {
										"value": {
											"value": "@pipeline().parameters.Stage",
											"type": "Expression"
										},
										"type": "String"
									},
									"Message": {
										"value": "Failed",
										"type": "String"
									}
								}
							},
							"linkedServiceName": {
								"referenceName": "LinkedService_AuditDb_ASD_MSI",
								"type": "LinkedServiceReference"
							}
						},
						{
							"name": "Copy Metadata to DataExchange",
							"type": "Copy",
							"dependsOn": [
								{
									"activity": "Copy Data Files to DataExchange",
									"dependencyConditions": [
										"Succeeded"
									]
								}
							],
							"policy": {
								"timeout": "7.00:00:00",
								"retry": 0,
								"retryIntervalInSeconds": 30,
								"secureOutput": false,
								"secureInput": false
							},
							"userProperties": [],
							"typeProperties": {
								"source": {
									"type": "JsonSource",
									"storeSettings": {
										"type": "AzureBlobFSReadSettings",
										"recursive": true
									},
									"formatSettings": {
										"type": "JsonReadSettings"
									}
								},
								"sink": {
									"type": "JsonSink",
									"storeSettings": {
										"type": "AzureBlobFSWriteSettings"
									},
									"formatSettings": {
										"type": "JsonWriteSettings"
									}
								},
								"enableStaging": false,
								"validateDataConsistency": true
							},
							"inputs": [
								{
									"referenceName": "dataset_dcsa_json",
									"type": "DatasetReference",
									"parameters": {
										"Container": {
											"value": "@pipeline().globalParameters.GP_DataExchangeContainer",
											"type": "Expression"
										},
										"Directory": {
											"value": "@pipeline().parameters.SourceFilePath",
											"type": "Expression"
										},
										"Filename": {
											"value": "@concat(pipeline().parameters.FileName, '.json')",
											"type": "Expression"
										}
									}
								}
							],
							"outputs": [
								{
									"referenceName": "dataset_ci_json",
									"type": "DatasetReference",
									"parameters": {
										"Container": {
											"value": "@pipeline().globalParameters.GP_DataExchangeContainer",
											"type": "Expression"
										},
										"Directory": {
											"value": "@pipeline().parameters.TargetFilePath",
											"type": "Expression"
										},
										"Filename": {
											"value": "@concat(pipeline().parameters.FileName, '.json')",
											"type": "Expression"
										}
									}
								}
							]
						},
						{
							"name": "Copy EOT to DataExchange",
							"type": "Copy",
							"dependsOn": [
								{
									"activity": "Copy Metadata to DataExchange",
									"dependencyConditions": [
										"Succeeded"
									]
								}
							],
							"policy": {
								"timeout": "7.00:00:00",
								"retry": 0,
								"retryIntervalInSeconds": 30,
								"secureOutput": false,
								"secureInput": false
							},
							"userProperties": [],
							"typeProperties": {
								"source": {
									"type": "BinarySource",
									"storeSettings": {
										"type": "AzureBlobFSReadSettings",
										"recursive": true
									},
									"formatSettings": {
										"type": "BinaryReadSettings"
									}
								},
								"sink": {
									"type": "BinarySink",
									"storeSettings": {
										"type": "AzureBlobFSWriteSettings"
									}
								},
								"enableStaging": false
							},
							"inputs": [
								{
									"referenceName": "dataset_dcsa_file",
									"type": "DatasetReference",
									"parameters": {
										"Container": {
											"value": "@pipeline().globalParameters.GP_DataExchangeContainer",
											"type": "Expression"
										},
										"Directory": {
											"value": "@pipeline().parameters.SourceFilePath",
											"type": "Expression"
										},
										"Filename": {
											"value": "@concat(pipeline().parameters.FileName, '.eot')",
											"type": "Expression"
										}
									}
								}
							],
							"outputs": [
								{
									"referenceName": "dataset_ci_file",
									"type": "DatasetReference",
									"parameters": {
										"Container": {
											"value": "@pipeline().globalParameters.GP_DataExchangeContainer",
											"type": "Expression"
										},
										"Directory": {
											"value": "@pipeline().parameters.TargetFilePath",
											"type": "Expression"
										},
										"FileName": {
											"value": "@concat(pipeline().parameters.FileName, '.eot')",
											"type": "Expression"
										}
									}
								}
							]
						}
					]
				}
			}
		],
		"parameters": {
			"Stage": {
				"type": "string"
			},
			"FileId": {
				"type": "int"
			},
			"SourceFilePath": {
				"type": "string"
			},
			"FileName": {
				"type": "string"
			},
			"TargetFilePath": {
				"type": "string"
			}
		},
		"variables": {
			"StageAction": {
				"type": "String"
			}
		},
		"folder": {
			"name": "INGESTION/DataExchange"
		},
		"annotations": []
	}
}