{
	"name": "DataExchangeWorker",
	"properties": {
		"activities": [
			{
				"name": "GetOrCreateFileRegistration",
				"type": "Lookup",
				"dependsOn": [
					{
						"activity": "Read Metadata Json",
						"dependencyConditions": [
							"Succeeded"
						]
					}
				],
				"policy": {
					"timeout": "7.00:00:00",
					"retry": 0,
					"retryIntervalInSeconds": 30,
					"secureOutput": false,
					"secureInput": false
				},
				"userProperties": [],
				"typeProperties": {
					"source": {
						"type": "AzureSqlSource",
						"sqlReaderStoredProcedureName": "[auditfwk].[GetOrCreateFileRegistration]",
						"storedProcedureParameters": {
							"FileName": {
								"type": "String",
								"value": {
									"value": "@pipeline().parameters.FileName",
									"type": "Expression"
								}
							},
							"DataSource": {
								"type": "String",
								"value": {
									"value": "@activity('Read Metadata Json').output.firstRow.dataSource",
									"type": "Expression"
								}
							},
							"DataSet": {
								"type": "String",
								"value": {
									"value": "@activity('Read Metadata Json').output.firstRow.dataSet",
									"type": "Expression"
								}
							},
							"AdfPipelineRunId": {
								"type": "Guid",
								"value": {
									"value": "@pipeline().RunId",
									"type": "Expression"
								}
							}
						},
						"queryTimeout": "00:10:00",
						"isolationLevel": "ReadCommitted",
						"partitionOption": "None"
					},
					"dataset": {
						"referenceName": "dataset_metadata_sqldb",
						"type": "DatasetReference"
					}
				}
			},
			{
				"name": "Execute CopyToDataExchange",
				"type": "ExecutePipeline",
				"dependsOn": [
					{
						"activity": "Set TargetPath",
						"dependencyConditions": [
							"Succeeded"
						]
					}
				],
				"userProperties": [],
				"typeProperties": {
					"pipeline": {
						"referenceName": "CopyToDataExchange",
						"type": "PipelineReference"
					},
					"waitOnCompletion": true,
					"parameters": {
						"Stage": "LANDING_STAGE",
						"FileId": {
							"value": "@activity('GetOrCreateFileRegistration').output.firstRow.FileId",
							"type": "Expression"
						},
						"SourceFilePath": {
							"value": "@pipeline().parameters.FilePath",
							"type": "Expression"
						},
						"FileName": {
							"value": "@pipeline().parameters.FileName",
							"type": "Expression"
						},
						"TargetFilePath": {
							"value": "@variables('TargetPath')",
							"type": "Expression"
						}
					}
				}
			},
			{
				"name": "Read Metadata Json",
				"type": "Lookup",
				"dependsOn": [],
				"policy": {
					"timeout": "7.00:00:00",
					"retry": 0,
					"retryIntervalInSeconds": 30,
					"secureOutput": false,
					"secureInput": false
				},
				"userProperties": [],
				"typeProperties": {
					"source": {
						"type": "JsonSource",
						"storeSettings": {
							"type": "AzureBlobFSReadSettings",
							"recursive": false
						},
						"formatSettings": {
							"type": "JsonReadSettings"
						}
					},
					"dataset": {
						"referenceName": "dataset_dcsa_json",
						"type": "DatasetReference",
						"parameters": {
							"Container": {
								"value": "@pipeline().globalParameters.GP_DataExchangeContainer",
								"type": "Expression"
							},
							"Directory": {
								"value": "@pipeline().parameters.FilePath",
								"type": "Expression"
							},
							"Filename": {
								"value": "@concat(pipeline().parameters.FileName, '.json')",
								"type": "Expression"
							}
						}
					}
				}
			},
			{
				"name": "Execute Data Processing Job",
				"type": "ExecutePipeline",
				"dependsOn": [
					{
						"activity": "Execute CopyToDataExchange",
						"dependencyConditions": [
							"Succeeded"
						]
					}
				],
				"userProperties": [],
				"typeProperties": {
					"pipeline": {
						"referenceName": "LaunchDataBricksJob",
						"type": "PipelineReference"
					},
					"waitOnCompletion": true,
					"parameters": {
						"FileId": {
							"value": "@string(activity('GetOrCreateFileRegistration').output.firstRow.FileId)",
							"type": "Expression"
						},
						"Stage": "PROCESSING_STAGE",
						"JarPath": {
							"value": "@pipeline().globalParameters.GP_DataExchangeJarPath",
							"type": "Expression"
						},
						"ClassName": {
							"value": "com.telstra.dna.dataexchange.apps.DataExchangeIngestion",
							"type": "Expression"
						},
						"FilePath": {
							"value": "@concat('/dbfs/mnt/dataexchange', variables('TargetPath'))",
							"type": "Expression"
						},
						"FileName": {
							"value": "@pipeline().parameters.FileName",
							"type": "Expression"
						},
						"MaxWorkers": "1"
					}
				}
			},
			{
				"name": "Set TargetPath",
				"type": "SetVariable",
				"dependsOn": [
					{
						"activity": "GetOrCreateFileRegistration",
						"dependencyConditions": [
							"Succeeded"
						]
					}
				],
				"userProperties": [],
				"typeProperties": {
					"variableName": "TargetPath",
					"value": {
						"value": "@concat('/data/inbound/', \n        pipeline().globalParameters.GP_DataExchangeEnv, \n        '/preprocess/', \n        activity('Read Metadata Json').output.firstRow.ssu, \n        '/', \n        activity('Read Metadata Json').output.firstRow.dataSource,\n        '/',\n        activity('Read Metadata Json').output.firstRow.dataSet)\n\n\n",
						"type": "Expression"
					}
				}
			},
			{
				"name": "Execute Cleanup",
				"type": "ExecutePipeline",
				"dependsOn": [
					{
						"activity": "Execute Database Load Job",
						"dependencyConditions": [
							"Succeeded"
						]
					}
				],
				"userProperties": [],
				"typeProperties": {
					"pipeline": {
						"referenceName": "DeleteFileFromDCSA",
						"type": "PipelineReference"
					},
					"waitOnCompletion": true,
					"parameters": {
						"FileId": {
							"value": "@activity('GetOrCreateFileRegistration').output.firstRow.FileId",
							"type": "Expression"
						},
						"Stage": "CLEANUP_STAGE",
						"FilePath": {
							"value": "@pipeline().parameters.FilePath",
							"type": "Expression"
						},
						"FileName": {
							"value": "@pipeline().parameters.FileName",
							"type": "Expression"
						}
					}
				}
			},
			{
				"name": "Execute Database Load Job",
				"type": "ExecutePipeline",
				"dependsOn": [
					{
						"activity": "Execute Data Processing Job",
						"dependencyConditions": [
							"Succeeded"
						]
					}
				],
				"userProperties": [],
				"typeProperties": {
					"pipeline": {
						"referenceName": "LaunchDatabaseLoad",
						"type": "PipelineReference"
					},
					"waitOnCompletion": true,
					"parameters": {
						"Stage": "DATABASE_LOAD_STAGE",
						"FileId": {
							"value": "@activity('GetOrCreateFileRegistration').output.firstRow.FileId",
							"type": "Expression"
						},
						"FilePath": {
							"value": "@concat('/data/inbound/', \n        toLower(pipeline().globalParameters.GP_DataExchangeEnv), \n        '/staging/', \n        toLower(activity('Read Metadata Json').output.firstRow.ssu), \n        '/', \n        toLower(activity('Read Metadata Json').output.firstRow.dataSource),\n        '/',\n        toLower(activity('Read Metadata Json').output.firstRow.dataSet)\n)",
							"type": "Expression"
						},
						"DbTable": {
							"value": "@activity('Read Metadata Json').output.firstRow.tableName\n",
							"type": "Expression"
						}
					}
				}
			}
		],
		"parameters": {
			"FilePath": {
				"type": "string"
			},
			"FileName": {
				"type": "string"
			}
		},
		"variables": {
			"TargetPath": {
				"type": "String"
			}
		},
		"folder": {
			"name": "INGESTION/DataExchange"
		},
		"annotations": []
	}
}