{
	"name": "DataExchangeControl",
	"properties": {
		"activities": [
			{
				"name": "Filter EOT files",
				"description": "Checking .eot file existence ",
				"type": "Filter",
				"dependsOn": [
					{
						"activity": "Fetch Datasets to Process",
						"dependencyConditions": [
							"Succeeded"
						]
					}
				],
				"userProperties": [],
				"typeProperties": {
					"items": {
						"value": "@activity('Fetch Datasets to Process').Output.childItems",
						"type": "Expression"
					},
					"condition": {
						"value": "@and(  endswith(item().name,'.eot'), \n             startswith(item().name,'CIJ_compliance_rpt_agg')\n          )",
						"type": "Expression"
					}
				}
			},
			{
				"name": "Fetch Datasets to Process",
				"type": "GetMetadata",
				"dependsOn": [
					{
						"activity": "Set Input Data Path",
						"dependencyConditions": [
							"Succeeded"
						]
					}
				],
				"policy": {
					"timeout": "7.00:00:00",
					"retry": 0,
					"retryIntervalInSeconds": 30,
					"secureOutput": false,
					"secureInput": false
				},
				"userProperties": [],
				"typeProperties": {
					"dataset": {
						"referenceName": "dataset_dcsa_folder",
						"type": "DatasetReference",
						"parameters": {
							"container": {
								"value": "@pipeline().globalParameters.GP_DataExchangeContainer",
								"type": "Expression"
							},
							"path": {
								"value": "@variables('FilePath')",
								"type": "Expression"
							}
						}
					},
					"fieldList": [
						"childItems"
					],
					"storeSettings": {
						"type": "AzureBlobFSReadSettings",
						"recursive": true
					},
					"formatSettings": {
						"type": "BinaryReadSettings"
					}
				}
			},
			{
				"name": "Loop for each file set",
				"type": "ForEach",
				"dependsOn": [
					{
						"activity": "Filter EOT files",
						"dependencyConditions": [
							"Succeeded"
						]
					}
				],
				"userProperties": [],
				"typeProperties": {
					"items": {
						"value": "@activity('Filter EOT files').Output.Value",
						"type": "Expression"
					},
					"isSequential": true,
					"activities": [
						{
							"name": "Execute DataExchangeWorker",
							"type": "ExecutePipeline",
							"dependsOn": [
								{
									"activity": "INTERIM - Copy Static Metadata to DCSA",
									"dependencyConditions": [
										"Succeeded"
									]
								}
							],
							"userProperties": [],
							"typeProperties": {
								"pipeline": {
									"referenceName": "DataExchangeWorker",
									"type": "PipelineReference"
								},
								"waitOnCompletion": true,
								"parameters": {
									"FilePath": {
										"value": "@variables('FilePath')",
										"type": "Expression"
									},
									"FileName": {
										"value": "@split(item().name,'.')[0]",
										"type": "Expression"
									}
								}
							}
						},
						{
							"name": "INTERIM - Copy Static Metadata to DCSA",
							"type": "Copy",
							"dependsOn": [],
							"policy": {
								"timeout": "7.00:00:00",
								"retry": 0,
								"retryIntervalInSeconds": 30,
								"secureOutput": false,
								"secureInput": false
							},
							"userProperties": [],
							"typeProperties": {
								"source": {
									"type": "JsonSource",
									"storeSettings": {
										"type": "AzureBlobFSReadSettings",
										"recursive": true
									},
									"formatSettings": {
										"type": "JsonReadSettings"
									}
								},
								"sink": {
									"type": "JsonSink",
									"storeSettings": {
										"type": "AzureBlobFSWriteSettings"
									},
									"formatSettings": {
										"type": "JsonWriteSettings"
									}
								},
								"enableStaging": false,
								"validateDataConsistency": true
							},
							"inputs": [
								{
									"referenceName": "dataset_ci_json",
									"type": "DatasetReference",
									"parameters": {
										"Container": {
											"value": "@pipeline().globalParameters.GP_DataExchangeContainer",
											"type": "Expression"
										},
										"Directory": {
											"value": "@concat('metadata/',\ntoLower(pipeline().globalParameters.GP_DataExchangeEnv), \n'/retail/cij/ingestion')",
											"type": "Expression"
										},
										"Filename": "compliance_rpt_agg.json"
									}
								}
							],
							"outputs": [
								{
									"referenceName": "dataset_dcsa_json",
									"type": "DatasetReference",
									"parameters": {
										"Container": {
											"value": "@pipeline().globalParameters.GP_DataExchangeContainer",
											"type": "Expression"
										},
										"Directory": {
											"value": "@variables('FilePath')",
											"type": "Expression"
										},
										"Filename": {
											"value": "@concat(split(item().name,'.')[0], '.json')",
											"type": "Expression"
										}
									}
								}
							]
						}
					]
				}
			},
			{
				"name": "Set Input Data Path",
				"type": "SetVariable",
				"dependsOn": [],
				"userProperties": [],
				"typeProperties": {
					"variableName": "FilePath",
					"value": {
						"value": "@concat(\ntoLower(pipeline().globalParameters.GP_DataExchangeEnv), \n'/inbound/', \ntoUpper(pipeline().globalParameters.GP_DataExchangeEnv), \n'/src/land')",
						"type": "Expression"
					}
				}
			}
		],
		"variables": {
			"FilePath": {
				"type": "String"
			}
		},
		"folder": {
			"name": "INGESTION/DataExchange"
		},
		"annotations": []
	}
}