{
	"name": "DeleteFileFromDCSA",
	"properties": {
		"activities": [
			{
				"name": "Execute Stage If Not Already Run",
				"type": "IfCondition",
				"dependsOn": [
					{
						"activity": "Get Stage Run Action",
						"dependencyConditions": [
							"Succeeded"
						]
					}
				],
				"userProperties": [],
				"typeProperties": {
					"expression": {
						"value": "@equals(activity('Get Stage Run Action').output.firstRow.Action,'Run')",
						"type": "Expression"
					},
					"ifFalseActivities": [
						{
							"name": "Mark Stage As Skipped",
							"type": "SetVariable",
							"dependsOn": [],
							"userProperties": [],
							"typeProperties": {
								"variableName": "StageAction",
								"value": "STAGE_SKIPPED"
							}
						}
					],
					"ifTrueActivities": [
						{
							"name": "Mark Stage as Success",
							"description": "CreateExecutionLogRecord with success message",
							"type": "SqlServerStoredProcedure",
							"dependsOn": [
								{
									"activity": "Delete EoT File From DCSA",
									"dependencyConditions": [
										"Succeeded"
									]
								}
							],
							"policy": {
								"timeout": "7.00:00:00",
								"retry": 0,
								"retryIntervalInSeconds": 30,
								"secureOutput": false,
								"secureInput": false
							},
							"userProperties": [],
							"typeProperties": {
								"storedProcedureName": "[auditfwk].[CreateNewLogRecord]",
								"storedProcedureParameters": {
									"AdfPipelineRunId": {
										"value": {
											"value": "@pipeline().RunId",
											"type": "Expression"
										},
										"type": "Guid"
									},
									"AdfPipelineName": {
										"value": {
											"value": "@pipeline().Pipeline",
											"type": "Expression"
										},
										"type": "String"
									},
									"FileId": {
										"value": {
											"value": "@pipeline().parameters.FileId",
											"type": "Expression"
										},
										"type": "Int64"
									},
									"Stage": {
										"value": {
											"value": "@pipeline().parameters.Stage",
											"type": "Expression"
										},
										"type": "String"
									},
									"Message": {
										"value": "Success",
										"type": "String"
									}
								}
							},
							"linkedServiceName": {
								"referenceName": "LinkedService_AuditDb_ASD_MSI",
								"type": "LinkedServiceReference"
							}
						},
						{
							"name": "Mark Stage as Failed",
							"description": "CreateExecutionLogRecord with Message as Failed",
							"type": "SqlServerStoredProcedure",
							"dependsOn": [
								{
									"activity": "Delete EoT File From DCSA",
									"dependencyConditions": [
										"Failed"
									]
								},
								{
									"activity": "Delete Metadata File From DCSA",
									"dependencyConditions": [
										"Failed"
									]
								},
								{
									"activity": "Delete DataFiles File From DCSA",
									"dependencyConditions": [
										"Failed"
									]
								}
							],
							"policy": {
								"timeout": "7.00:00:00",
								"retry": 0,
								"retryIntervalInSeconds": 30,
								"secureOutput": false,
								"secureInput": false
							},
							"userProperties": [],
							"typeProperties": {
								"storedProcedureName": "[auditfwk].[CreateNewLogRecord]",
								"storedProcedureParameters": {
									"AdfPipelineRunId": {
										"value": {
											"value": "@pipeline().RunId",
											"type": "Expression"
										},
										"type": "Guid"
									},
									"AdfPipelineName": {
										"value": {
											"value": "@pipeline().Pipeline",
											"type": "Expression"
										},
										"type": "String"
									},
									"FileId": {
										"value": {
											"value": "@pipeline().parameters.FileId",
											"type": "Expression"
										},
										"type": "Int64"
									},
									"Stage": {
										"value": {
											"value": "@pipeline().parameters.Stage",
											"type": "Expression"
										},
										"type": "String"
									},
									"Message": {
										"value": "Failed",
										"type": "String"
									}
								}
							},
							"linkedServiceName": {
								"referenceName": "LinkedService_AuditDb_ASD_MSI",
								"type": "LinkedServiceReference"
							}
						},
						{
							"name": "Delete DataFiles File From DCSA",
							"type": "Delete",
							"dependsOn": [],
							"policy": {
								"timeout": "7.00:00:00",
								"retry": 0,
								"retryIntervalInSeconds": 30,
								"secureOutput": false,
								"secureInput": false
							},
							"userProperties": [],
							"typeProperties": {
								"dataset": {
									"referenceName": "dataset_dcsa_folder",
									"type": "DatasetReference",
									"parameters": {
										"container": {
											"value": "@pipeline().globalParameters.GP_DataExchangeContainer",
											"type": "Expression"
										},
										"path": {
											"value": "@concat(pipeline().parameters.FilePath, '/', pipeline().parameters.FileName)",
											"type": "Expression"
										}
									}
								},
								"enableLogging": false,
								"storeSettings": {
									"type": "AzureBlobFSReadSettings",
									"recursive": true
								}
							}
						},
						{
							"name": "Delete Metadata File From DCSA",
							"type": "Delete",
							"dependsOn": [
								{
									"activity": "Delete DataFiles File From DCSA",
									"dependencyConditions": [
										"Succeeded"
									]
								}
							],
							"policy": {
								"timeout": "7.00:00:00",
								"retry": 0,
								"retryIntervalInSeconds": 30,
								"secureOutput": false,
								"secureInput": false
							},
							"userProperties": [],
							"typeProperties": {
								"dataset": {
									"referenceName": "dataset_dcsa_json",
									"type": "DatasetReference",
									"parameters": {
										"Container": {
											"value": "@pipeline().globalParameters.GP_DataExchangeContainer",
											"type": "Expression"
										},
										"Directory": {
											"value": "@pipeline().parameters.FilePath",
											"type": "Expression"
										},
										"Filename": {
											"value": "@concat(pipeline().parameters.FileName, '.json')",
											"type": "Expression"
										}
									}
								},
								"enableLogging": false,
								"storeSettings": {
									"type": "AzureBlobFSReadSettings",
									"recursive": true
								}
							}
						},
						{
							"name": "Delete EoT File From DCSA",
							"type": "Delete",
							"dependsOn": [
								{
									"activity": "Delete Metadata File From DCSA",
									"dependencyConditions": [
										"Succeeded"
									]
								}
							],
							"policy": {
								"timeout": "7.00:00:00",
								"retry": 0,
								"retryIntervalInSeconds": 30,
								"secureOutput": false,
								"secureInput": false
							},
							"userProperties": [],
							"typeProperties": {
								"dataset": {
									"referenceName": "dataset_dcsa_json",
									"type": "DatasetReference",
									"parameters": {
										"Container": {
											"value": "@pipeline().globalParameters.GP_DataExchangeContainer",
											"type": "Expression"
										},
										"Directory": {
											"value": "@pipeline().parameters.FilePath",
											"type": "Expression"
										},
										"Filename": {
											"value": "@concat(pipeline().parameters.FileName, '.eot')",
											"type": "Expression"
										}
									}
								},
								"enableLogging": false,
								"storeSettings": {
									"type": "AzureBlobFSReadSettings",
									"recursive": true
								}
							}
						}
					]
				}
			},
			{
				"name": "Get Stage Run Action",
				"description": "Get Pipeline Run Status fromDB and based on Action retrieved skips or runs the pipeline activities ",
				"type": "Lookup",
				"dependsOn": [],
				"policy": {
					"timeout": "7.00:00:00",
					"retry": 0,
					"retryIntervalInSeconds": 30,
					"secureOutput": false,
					"secureInput": false
				},
				"userProperties": [],
				"typeProperties": {
					"source": {
						"type": "AzureSqlSource",
						"sqlReaderStoredProcedureName": "[auditfwk].[GetStageRunAction]",
						"storedProcedureParameters": {
							"FileId": {
								"type": "Int64",
								"value": {
									"value": "@pipeline().parameters.FileId",
									"type": "Expression"
								}
							},
							"Stage": {
								"type": "String",
								"value": {
									"value": "@pipeline().parameters.Stage",
									"type": "Expression"
								}
							}
						},
						"queryTimeout": "00:10:00",
						"partitionOption": "None"
					},
					"dataset": {
						"referenceName": "dataset_metadata_sqldb",
						"type": "DatasetReference"
					}
				}
			}
		],
		"parameters": {
			"FileId": {
				"type": "int"
			},
			"Stage": {
				"type": "string"
			},
			"FilePath": {
				"type": "string"
			},
			"FileName": {
				"type": "string"
			}
		},
		"variables": {
			"StageAction": {
				"type": "String"
			}
		},
		"folder": {
			"name": "INGESTION/DataExchange"
		},
		"annotations": []
	}
}