{
	"name": "LaunchDataBricksJob",
	"properties": {
		"activities": [
			{
				"name": "Get Stage Run Action",
				"description": "Get Pipeline Run Status fromDB and based on Action retrieved skips or runs the pipeline activities ",
				"type": "Lookup",
				"dependsOn": [],
				"policy": {
					"timeout": "7.00:00:00",
					"retry": 0,
					"retryIntervalInSeconds": 30,
					"secureOutput": false,
					"secureInput": false
				},
				"userProperties": [],
				"typeProperties": {
					"source": {
						"type": "AzureSqlSource",
						"sqlReaderStoredProcedureName": "[auditfwk].[GetStageRunAction]",
						"storedProcedureParameters": {
							"FileId": {
								"type": "Int64",
								"value": {
									"value": "@pipeline().parameters.FileId",
									"type": "Expression"
								}
							},
							"Stage": {
								"type": "String",
								"value": {
									"value": "@pipeline().parameters.Stage",
									"type": "Expression"
								}
							}
						},
						"queryTimeout": "00:10:00",
						"partitionOption": "None"
					},
					"dataset": {
						"referenceName": "dataset_metadata_sqldb",
						"type": "DatasetReference"
					}
				}
			},
			{
				"name": "Execute Stage If Not Already Run",
				"type": "IfCondition",
				"dependsOn": [
					{
						"activity": "Get Stage Run Action",
						"dependencyConditions": [
							"Succeeded"
						]
					}
				],
				"userProperties": [],
				"typeProperties": {
					"expression": {
						"value": "@equals(activity('Get Stage Run Action').output.firstRow.Action,'Run')",
						"type": "Expression"
					},
					"ifFalseActivities": [
						{
							"name": "Mark Stage As Skipped",
							"type": "SetVariable",
							"dependsOn": [],
							"userProperties": [],
							"typeProperties": {
								"variableName": "StageAction",
								"value": "STAGE_SKIPPED"
							}
						}
					],
					"ifTrueActivities": [
						{
							"name": "SparkJobLauncher",
							"type": "DatabricksSparkJar",
							"dependsOn": [],
							"policy": {
								"timeout": "7.00:00:00",
								"retry": 0,
								"retryIntervalInSeconds": 30,
								"secureOutput": false,
								"secureInput": false
							},
							"userProperties": [],
							"typeProperties": {
								"mainClassName": {
									"value": "@pipeline().parameters.className",
									"type": "Expression"
								},
								"parameters": [
									"@pipeline().parameters.FilePath",
									"@pipeline().parameters.FileName",
									"@pipeline().globalParameters.GP_DataExchangeEnv",
									"@string(pipeline().parameters.FileId)"
								],
								"libraries": [
									{
										"jar": "@pipeline().parameters.jarPath"
									}
								]
							},
							"linkedServiceName": {
								"referenceName": "LinkedService_DNA_ADB_BatchClusterPool",
								"type": "LinkedServiceReference",
								"parameters": {
									"clusterPoolId": {
										"value": "@pipeline().globalParameters.GP_ClusterPoolId",
										"type": "Expression"
									},
									"clusterVersion": {
										"value": "@pipeline().globalParameters.GP_ClusterVersion",
										"type": "Expression"
									},
									"workers": {
										"value": "@pipeline().parameters.MaxWorkers",
										"type": "Expression"
									}
								}
							}
						},
						{
							"name": "Mark Stage as Success",
							"description": "CreateExecutionLogRecord with success message",
							"type": "SqlServerStoredProcedure",
							"dependsOn": [
								{
									"activity": "SparkJobLauncher",
									"dependencyConditions": [
										"Succeeded"
									]
								}
							],
							"policy": {
								"timeout": "0.00:10:00",
								"retry": 0,
								"retryIntervalInSeconds": 30,
								"secureOutput": false,
								"secureInput": false
							},
							"userProperties": [],
							"typeProperties": {
								"storedProcedureName": "[auditfwk].[CreateNewLogRecord]",
								"storedProcedureParameters": {
									"AdfPipelineRunId": {
										"value": {
											"value": "@pipeline().RunId",
											"type": "Expression"
										},
										"type": "Guid"
									},
									"AdfPipelineName": {
										"value": {
											"value": "@pipeline().Pipeline",
											"type": "Expression"
										},
										"type": "String"
									},
									"FileId": {
										"value": {
											"value": "@pipeline().parameters.FileId",
											"type": "Expression"
										},
										"type": "Int64"
									},
									"Stage": {
										"value": {
											"value": "@pipeline().parameters.Stage",
											"type": "Expression"
										},
										"type": "String"
									},
									"Message": {
										"value": "Success",
										"type": "String"
									}
								}
							},
							"linkedServiceName": {
								"referenceName": "LinkedService_AuditDb_ASD_MSI",
								"type": "LinkedServiceReference"
							}
						},
						{
							"name": "Mark Stage as Failed",
							"description": "CreateExecutionLogRecord with Message as Failed",
							"type": "SqlServerStoredProcedure",
							"dependsOn": [
								{
									"activity": "SparkJobLauncher",
									"dependencyConditions": [
										"Failed"
									]
								}
							],
							"policy": {
								"timeout": "7.00:00:00",
								"retry": 0,
								"retryIntervalInSeconds": 30,
								"secureOutput": false,
								"secureInput": false
							},
							"userProperties": [],
							"typeProperties": {
								"storedProcedureName": "[auditfwk].[CreateNewLogRecord]",
								"storedProcedureParameters": {
									"AdfPipelineRunId": {
										"value": {
											"value": "@pipeline().RunId",
											"type": "Expression"
										},
										"type": "Guid"
									},
									"AdfPipelineName": {
										"value": {
											"value": "@pipeline().Pipeline",
											"type": "Expression"
										},
										"type": "String"
									},
									"FileId": {
										"value": {
											"value": "@pipeline().parameters.FileId",
											"type": "Expression"
										},
										"type": "Int64"
									},
									"Stage": {
										"value": {
											"value": "@pipeline().parameters.Stage",
											"type": "Expression"
										},
										"type": "String"
									},
									"Message": {
										"value": "Failed",
										"type": "String"
									}
								}
							},
							"linkedServiceName": {
								"referenceName": "LinkedService_AuditDb_ASD_MSI",
								"type": "LinkedServiceReference"
							}
						}
					]
				}
			}
		],
		"parameters": {
			"FileId": {
				"type": "string"
			},
			"Stage": {
				"type": "string"
			},
			"JarPath": {
				"type": "string"
			},
			"ClassName": {
				"type": "string"
			},
			"FilePath": {
				"type": "string"
			},
			"FileName": {
				"type": "string"
			},
			"MaxWorkers": {
				"type": "string"
			}
		},
		"variables": {
			"StageAction": {
				"type": "String"
			}
		},
		"folder": {
			"name": "INGESTION/DataExchange"
		},
		"annotations": []
	}
}