{
	"name": "dataset_dcsa_folder",
	"properties": {
		"description": "It describes the destination store.",
		"linkedServiceName": {
			"referenceName": "LinkedService_DCSA_ADLS_MSI",
			"type": "LinkedServiceReference"
		},
		"parameters": {
			"container": {
				"type": "String"
			},
			"path": {
				"type": "String"
			}
		},
		"annotations": [],
		"type": "Binary",
		"typeProperties": {
			"location": {
				"type": "AzureBlobFSLocation",
				"folderPath": {
					"value": "@{dataset().path}",
					"type": "Expression"
				},
				"fileSystem": {
					"value": "@{dataset().container}",
					"type": "Expression"
				}
			}
		}
	},
	"type": "Microsoft.DataFactory/factories/datasets"
}