{
	"name": "dataset_ci_parquet",
	"properties": {
		"linkedServiceName": {
			"referenceName": "LinkedService_CI_ADLS_MSI",
			"type": "LinkedServiceReference"
		},
		"parameters": {
			"Container": {
				"type": "string"
			},
			"Directory": {
				"type": "string"
			}
		},
		"annotations": [],
		"type": "Parquet",
		"typeProperties": {
			"location": {
				"type": "AzureBlobFSLocation",
				"folderPath": {
					"value": "@dataset().Directory",
					"type": "Expression"
				},
				"fileSystem": {
					"value": "@dataset().Container",
					"type": "Expression"
				}
			},
			"compressionCodec": "snappy"
		},
		"schema": []
	}
}