{
	"name": "dataset_dcsa_file",
	"properties": {
		"description": "It describes the destination store.",
		"linkedServiceName": {
			"referenceName": "LinkedService_DCSA_ADLS_MSI",
			"type": "LinkedServiceReference"
		},
		"parameters": {
			"Container": {
				"type": "String"
			},
			"Directory": {
				"type": "String"
			},
			"Filename": {
				"type": "string"
			}
		},
		"annotations": [],
		"type": "Binary",
		"typeProperties": {
			"location": {
				"type": "AzureBlobFSLocation",
				"fileName": {
					"value": "@dataset().Filename",
					"type": "Expression"
				},
				"folderPath": {
					"value": "@{dataset().Directory}",
					"type": "Expression"
				},
				"fileSystem": {
					"value": "@{dataset().Container}",
					"type": "Expression"
				}
			}
		}
	},
	"type": "Microsoft.DataFactory/factories/datasets"
}