{
	"name": "dataset_ci_sqldb",
	"properties": {
		"description": "DataSet for CI Sql DB",
		"linkedServiceName": {
			"referenceName": "LinkedService_CiDb_ASD_MSI",
			"type": "LinkedServiceReference"
		},
		"parameters": {
			"DbSchema": {
				"type": "string"
			},
			"DbTable": {
				"type": "string"
			}
		},
		"annotations": [],
		"type": "AzureSqlTable",
		"schema": [],
		"typeProperties": {
			"schema": {
				"value": "@dataset().DbSchema",
				"type": "Expression"
			},
			"table": {
				"value": "@dataset().DbTable",
				"type": "Expression"
			}
		}
	}
}