{
	"name": "dataset_ci_folder",
	"properties": {
		"description": "Channel Insights ADLS Storage DataExchange Container Folder DataSet",
		"linkedServiceName": {
			"referenceName": "LinkedService_CI_ADLS_MSI",
			"type": "LinkedServiceReference"
		},
		"parameters": {
			"container": {
				"type": "string"
			},
			"Directory": {
				"type": "string"
			}
		},
		"annotations": [],
		"type": "Binary",
		"typeProperties": {
			"location": {
				"type": "AzureBlobFSLocation",
				"folderPath": {
					"value": "@{dataset().Directory}",
					"type": "Expression"
				},
				"fileSystem": {
					"value": "@{dataset().container}",
					"type": "Expression"
				}
			}
		}
	},
	"type": "Microsoft.DataFactory/factories/datasets"
}