{
    "Scope": {
      "SourceSystem": "RASSP",
      "TableName": "rassp",
      "SSU": "transient",
      "Direction": "inbound",
      "JobSize": "S",
      "SourceSystemId": 91
    },
    "File": {
      "FilePatternName": "RASS-P_*_IPNDUP_<YYYYMMDD>",
      "FileExtensions": ["dat","eot"],
      "FileSourceLocation": "/ipnd/src/land",
      "CompressionType": "NULL",
      "CharacterSet": "ASCII",
      "HeaderLines": 1,
      "TrailerLines": 1,
      "FileStructureType": "FIXED-DELIMITED",
      "FileStructure": {
        "FieldDelimiter": "",
        "RecordLength": 905,
        "RecordDelimiter": "\n"
      },
      "OutputFormat": "parquet",
      "SequenceEnforced": true
    },
      "ControlFile": {
     "Delimiter": "|",
     "Fields":[
       {"ColumnName":"RECORD_COUNT"},
           {"ColumnName":"EXTRACT_DATE","Format":"yyyyMMdd"},
           {"ColumnName":"FILE_NAME"},
           {"ColumnName":"SOURCE_SYSTEM"}
     ]},
    "SourceColumns": [
      {
        "ColumnName": "PUBLICNUMBER",
        "DataType": "VARCHAR",
        "MaxLength": 20,
        "Nullable": false,
        "Offset": [
          1,
          20
        ]
      },
      {
        "ColumnName": "SERVICESTATUSCODE",
        "DataType": "VARCHAR",
        "MaxLength": 1,
        "Nullable": false,
        "Offset": [
          21,
          21
        ]
      },
      {
        "ColumnName": "PENDINGFLAG",
        "DataType": "VARCHAR",
        "MaxLength": 1,
        "Nullable": false,
        "Offset": [
          22,
          22
        ]
      },
      {
        "ColumnName": "CANCELPENDINGFLAG",
        "DataType": "VARCHAR",
        "MaxLength": 1,
        "Nullable": false,
        "Offset": [
          23,
          23
        ]
      },
      {
        "ColumnName": "CUSTOMERNAME1",
        "DataType": "VARCHAR",
        "MaxLength": 40,
        "Nullable": false,
        "Offset": [
          24,
          63
        ]
      },
      {
        "ColumnName": "CUSTOMERNAME2",
        "DataType": "VARCHAR",
        "MaxLength": 40,
        "Nullable": true,
        "Offset": [
          64,
          103
        ]
      },
      {
        "ColumnName": "LONGNAME",
        "DataType": "VARCHAR",
        "MaxLength": 80,
        "Nullable": true,
        "Offset": [
          104,
          183
        ]
      },
      {
        "ColumnName": "CUSTOMERTITLE",
        "DataType": "VARCHAR",
        "MaxLength": 12,
        "Nullable": true,
        "Offset": [
          184,
          195
        ]
      },
      {
        "ColumnName": "FINDINGNAME1",
        "DataType": "VARCHAR",
        "MaxLength": 40,
        "Nullable": true,
        "Offset": [
          196,
          235
        ]
      },
      {
        "ColumnName": "FINDINGNAME2",
        "DataType": "VARCHAR",
        "MaxLength": 40,
        "Nullable": true,
        "Offset": [
          236,
          275
        ]
      },
      {
        "ColumnName": "FINDINGTITLE",
        "DataType": "VARCHAR",
        "MaxLength": 12,
        "Nullable": true,
        "Offset": [
          276,
          287
        ]
      },
      {
        "ColumnName": "SERVICEBUILDINGTYPE",
        "DataType": "VARCHAR",
        "MaxLength": 6,
        "Nullable": true,
        "Offset": [
          288,
          293
        ]
      },
      {
        "ColumnName": "SERVICEBUILDING1STNR",
        "DataType": "VARCHAR",
        "MaxLength": 5,
        "Nullable": true,
        "Offset": [
          294,
          298
        ]
      },
      {
        "ColumnName": "SERVICEBUILDING1STSUFFIX",
        "DataType": "VARCHAR",
        "MaxLength": 1,
        "Nullable": true,
        "Offset": [
          299,
          299
        ]
      },
      {
        "ColumnName": "SERVICEBUILDING2NDNR",
        "DataType": "VARCHAR",
        "MaxLength": 5,
        "Nullable": true,
        "Offset": [
          300,
          304
        ]
      },
      {
        "ColumnName": "SERVICEBUILDING2NDSUFFIX",
        "DataType": "VARCHAR",
        "MaxLength": 1,
        "Nullable": true,
        "Offset": [
          305,
          305
        ]
      },
      {
        "ColumnName": "SERVICEBUILDINGFLOORTYPE",
        "DataType": "VARCHAR",
        "MaxLength": 2,
        "Nullable": true,
        "Offset": [
          306,
          307
        ]
      },
      {
        "ColumnName": "SERVICEBUILDINGFLOORNR",
        "DataType": "VARCHAR",
        "MaxLength": 4,
        "Nullable": true,
        "Offset": [
          308,
          311
        ]
      },
      {
        "ColumnName": "SERVICEBUILDINGFLOORNRSUFFIX",
        "DataType": "VARCHAR",
        "MaxLength": 1,
        "Nullable": true,
        "Offset": [
          312,
          312
        ]
      },
      {
        "ColumnName": "SERVICEBUILDINGPROPERTY",
        "DataType": "VARCHAR",
        "MaxLength": 40,
        "Nullable": true,
        "Offset": [
          313,
          352
        ]
      },
      {
        "ColumnName": "SERVICEBUILDINGLOCATION",
        "DataType": "VARCHAR",
        "MaxLength": 30,
        "Nullable": true,
        "Offset": [
          353,
          382
        ]
      },
      {
        "ColumnName": "SERVICESTREETHOUSENR1",
        "DataType": "VARCHAR",
        "MaxLength": 5,
        "Nullable": true,
        "Offset": [
          383,
          387
        ]
      },
      {
        "ColumnName": "SERVICESTREETHOUSENR1SUFFIX",
        "DataType": "VARCHAR",
        "MaxLength": 3,
        "Nullable": true,
        "Offset": [
          388,
          390
        ]
      },
      {
        "ColumnName": "SERVICESTREETHOUSENR2",
        "DataType": "VARCHAR",
        "MaxLength": 5,
        "Nullable": true,
        "Offset": [
          391,
          395
        ]
      },
      {
        "ColumnName": "SERVICESTREETHOUSENR2SUFFIX",
        "DataType": "VARCHAR",
        "MaxLength": 1,
        "Nullable": true,
        "Offset": [
          396,
          396
        ]
      },
      {
        "ColumnName": "SERVICESTREETNAME1",
        "DataType": "VARCHAR",
        "MaxLength": 25,
        "Nullable": true,
        "Offset": [
          397,
          421
        ]
      },
      {
        "ColumnName": "SERVICESTREETTYPE1",
        "DataType": "VARCHAR",
        "MaxLength": 8,
        "Nullable": true,
        "Offset": [
          422,
          429
        ]
      },
      {
        "ColumnName": "SERVICESTREETSUFFIX1",
        "DataType": "VARCHAR",
        "MaxLength": 6,
        "Nullable": true,
        "Offset": [
          430,
          435
        ]
      },
      {
        "ColumnName": "SERVICESTREETNAME2",
        "DataType": "VARCHAR",
        "MaxLength": 25,
        "Nullable": true,
        "Offset": [
          436,
          460
        ]
      },
      {
        "ColumnName": "SERVICESTREETTYPE2",
        "DataType": "VARCHAR",
        "MaxLength": 4,
        "Nullable": true,
        "Offset": [
          461,
          464
        ]
      },
      {
        "ColumnName": "SERVICESTREETSUFFIX2",
        "DataType": "VARCHAR",
        "MaxLength": 2,
        "Nullable": true,
        "Offset": [
          465,
          466
        ]
      },
      {
        "ColumnName": "SERVICEADDRESSLOCALITY",
        "DataType": "VARCHAR",
        "MaxLength": 40,
        "Nullable": true,
        "Offset": [
          467,
          506
        ]
      },
      {
        "ColumnName": "SERVICEADDRESSSTATE",
        "DataType": "VARCHAR",
        "MaxLength": 3,
        "Nullable": false,
        "Offset": [
          507,
          509
        ]
      },
      {
        "ColumnName": "SERVICEADDRESSPOSTCODE",
        "DataType": "VARCHAR",
        "MaxLength": 4,
        "Nullable": true,
        "Offset": [
          510,
          513
        ]
      },
      {
        "ColumnName": "DIRECTORYBUILDINGTYPE",
        "DataType": "VARCHAR",
        "MaxLength": 6,
        "Nullable": true,
        "Offset": [
          514,
          519
        ]
      },
      {
        "ColumnName": "DIRECTORYBUILDING1STNR",
        "DataType": "VARCHAR",
        "MaxLength": 5,
        "Nullable": true,
        "Offset": [
          520,
          524
        ]
      },
      {
        "ColumnName": "DIRECTORYBUILDING1STSUFFIX",
        "DataType": "VARCHAR",
        "MaxLength": 1,
        "Nullable": true,
        "Offset": [
          525,
          525
        ]
      },
      {
        "ColumnName": "DIRECTORYBUILDING2NDNR",
        "DataType": "VARCHAR",
        "MaxLength": 5,
        "Nullable": true,
        "Offset": [
          526,
          530
        ]
      },
      {
        "ColumnName": "DIRECTORYBUILDING2NDSUFFIX",
        "DataType": "VARCHAR",
        "MaxLength": 1,
        "Nullable": true,
        "Offset": [
          531,
          531
        ]
      },
      {
        "ColumnName": "DIRECTORYBUILDINGFLOORTYPE",
        "DataType": "VARCHAR",
        "MaxLength": 2,
        "Nullable": true,
        "Offset": [
          532,
          533
        ]
      },
      {
        "ColumnName": "DIRECTORYBUILDINGFLOORNR",
        "DataType": "VARCHAR",
        "MaxLength": 4,
        "Nullable": true,
        "Offset": [
          534,
          537
        ]
      },
      {
        "ColumnName": "DIRECTORYBUILDINGFLOORNRSUFFIX",
        "DataType": "VARCHAR",
        "MaxLength": 1,
        "Nullable": true,
        "Offset": [
          538,
          538
        ]
      },
      {
        "ColumnName": "DIRECTORYBUILDINGPROPERTY",
        "DataType": "VARCHAR",
        "MaxLength": 40,
        "Nullable": true,
        "Offset": [
          539,
          578
        ]
      },
      {
        "ColumnName": "DIRECTORYBUILDINGLOCATION",
        "DataType": "VARCHAR",
        "MaxLength": 30,
        "Nullable": true,
        "Offset": [
          579,
          608
        ]
      },
      {
        "ColumnName": "DIRECTORYSTREETHOUSENR1",
        "DataType": "VARCHAR",
        "MaxLength": 5,
        "Nullable": true,
        "Offset": [
          609,
          613
        ]
      },
      {
        "ColumnName": "DIRECTORYSTREETHOUSENR1SUFFIX",
        "DataType": "VARCHAR",
        "MaxLength": 3,
        "Nullable": true,
        "Offset": [
          614,
          616
        ]
      },
      {
        "ColumnName": "DIRECTORYSTREETHOUSENR2",
        "DataType": "VARCHAR",
        "MaxLength": 5,
        "Nullable": true,
        "Offset": [
          617,
          621
        ]
      },
      {
        "ColumnName": "DIRECTORYSTREETHOUSENR2SUFFIX",
        "DataType": "VARCHAR",
        "MaxLength": 1,
        "Nullable": true,
        "Offset": [
          622,
          622
        ]
      },
      {
        "ColumnName": "DIRECTORYSTREETNAME1",
        "DataType": "VARCHAR",
        "MaxLength": 25,
        "Nullable": true,
        "Offset": [
          623,
          647
        ]
      },
      {
        "ColumnName": "DIRECTORYSTREETTYPE1",
        "DataType": "VARCHAR",
        "MaxLength": 8,
        "Nullable": true,
        "Offset": [
          648,
          655
        ]
      },
      {
        "ColumnName": "DIRECTORYSTREETSUFFIX1",
        "DataType": "VARCHAR",
        "MaxLength": 6,
        "Nullable": true,
        "Offset": [
          656,
          661
        ]
      },
      {
        "ColumnName": "DIRECTORYSTREETNAME2",
        "DataType": "VARCHAR",
        "MaxLength": 25,
        "Nullable": true,
        "Offset": [
          662,
          686
        ]
      },
      {
        "ColumnName": "DIRECTORYSTREETTYPE2",
        "DataType": "VARCHAR",
        "MaxLength": 4,
        "Nullable": true,
        "Offset": [
          687,
          690
        ]
      },
      {
        "ColumnName": "DIRECTORYSTREETSUFFIX2",
        "DataType": "VARCHAR",
        "MaxLength": 2,
        "Nullable": true,
        "Offset": [
          691,
          692
        ]
      },
      {
        "ColumnName": "DIRECTORYADDRESSLOCALITY",
        "DataType": "VARCHAR",
        "MaxLength": 40,
        "Nullable": true,
        "Offset": [
          693,
          732
        ]
      },
      {
        "ColumnName": "DIRECTORYADDRESSSTATE",
        "DataType": "VARCHAR",
        "MaxLength": 3,
        "Nullable": true,
        "Offset": [
          733,
          735
        ]
      },
      {
        "ColumnName": "DIRECTORYADDRESSPOSTCODE",
        "DataType": "VARCHAR",
        "MaxLength": 4,
        "Nullable": true,
        "Offset": [
          736,
          739
        ]
      },
      {
        "ColumnName": "LISTCODE",
        "DataType": "VARCHAR",
        "MaxLength": 2,
        "Nullable": false,
        "Offset": [
          740,
          741
        ]
      },
      {
        "ColumnName": "USAGECODE",
        "DataType": "VARCHAR",
        "MaxLength": 1,
        "Nullable": false,
        "Offset": [
          742,
          742
        ]
      },
      {
        "ColumnName": "TYPEOFSERVICE",
        "DataType": "VARCHAR",
        "MaxLength": 5,
        "Nullable": true,
        "Offset": [
          743,
          747
        ]
      },
      {
        "ColumnName": "CUSTOMERCONTACTNAME1",
        "DataType": "VARCHAR",
        "MaxLength": 40,
        "Nullable": true,
        "Offset": [
          748,
          787
        ]
      },
      {
        "ColumnName": "CUSTOMERCONTACTNAME2",
        "DataType": "VARCHAR",
        "MaxLength": 40,
        "Nullable": true,
        "Offset": [
          788,
          827
        ]
      },
      {
        "ColumnName": "CUSTOMERCONTACTNR",
        "DataType": "VARCHAR",
        "MaxLength": 20,
        "Nullable": true,
        "Offset": [
          828,
          847
        ]
      },
      {
        "ColumnName": "CARRIAGESERVICEPROVIDERCODE",
        "DataType": "VARCHAR",
        "MaxLength": 3,
        "Nullable": false,
        "Offset": [
          848,
          850
        ]
      },
      {
        "ColumnName": "DATAPROVIDERCODE",
        "DataType": "VARCHAR",
        "MaxLength": 6,
        "Nullable": false,
        "Offset": [
          851,
          856
        ]
      },
      {
        "ColumnName": "TRANSACTIONDATE",
        "DataType": "VARCHAR",
        "MaxLength": 14,
        "Nullable": false,
        "Offset": [
          857,
          870
        ]
      },
      {
        "ColumnName": "SERVICESTATUSDATE",
        "DataType": "VARCHAR",
        "MaxLength": 14,
        "Nullable": false,
        "Offset": [
          871,
          884
        ]
      },
      {
        "ColumnName": "ALTERNATEADDRESSFLAG",
        "DataType": "VARCHAR",
        "MaxLength": 1,
        "Nullable": false,
        "Offset": [
          885,
          885
        ]
      },
      {
        "ColumnName": "PRIORPUBLICNUMBER",
        "DataType": "VARCHAR",
        "MaxLength": 20,
        "Nullable": true,
        "Offset": [
          886,
          905
        ]
      }
    ],
    "LightKeys": {
      "GeneratedLightKeys": [],
      "AliasedLightKeys": []
    },
    "IntegrationKeys": [
          {"col_IntegrationKey": "IkCustomer", "tbl_Keymap": "KeymapIKCustomer", "sql_NaturalKeys": ["CUSTOMERNAME1"], "val_KeyDomain": 11},
      {"col_IntegrationKey": "IkService", "tbl_Keymap": "KeymapIKService", "sql_NaturalKeys": ["PUBLICNUMBER"], "val_KeyDomain": 11}
      ],
    "CDC": {
      "ChangeType": "Insertonly",
      "col_ChangeKeys": [
        "PUBLICNUMBER",
        "SERVICESTATUSCODE"
      ],
      "sql_EffectiveDttm": "",
      "sql_EffectiveDttmFirst": ""
    }
  }